Illumina_SNP_Name,Chromosome,Build37_Position
rs1,6,10000
rs2,6,15000
rs3,6,20000
rs4,6,25000
rs5,1,610000
rs6,1,615000
rs7,1,620000
rs8,1,625000
rs9,3,810000
rs10,3,815000
rs11,3,820000
rs12,3,825000
rs13,3,1010000
rs14,3,1015000
rs15,3,1020000
rs16,3,1025000
rs17,6,30000
rs18,6,35000
rs19,6,40000
rs20,6,45000
rs21,6,50000
rs22,6,55000
rs23,1,630000
rs24,1,635000
rs25,1,640000
rs26,1,645000
rs27,1,650000
rs28,1,655000
rs29,3,830000
rs30,3,835000
rs31,3,840000
rs32,3,845000
rs33,3,850000
rs34,3,855000
rs35,3,1030000
rs36,3,1035000
rs37,3,1040000
rs38,3,1045000
rs39,3,1050000
rs40,3,1055000
rs41,6,1210000
rs42,6,1215000
rs43,6,1220000
rs44,6,1225000
rs45,6,1230000
rs46,6,1235000
rs47,6,1240000
rs48,6,1245000
rs49,6,1250000
rs50,6,1255000
rs51,4,1160000
rs52,4,1165000
rs53,4,1170000
rs54,4,1175000
rs55,4,1180000
rs56,4,1185000
rs57,4,1190000
rs58,4,1195000
rs59,4,1200000
rs60,4,1205000
rs61,6,1260000
rs62,6,1265000
rs63,6,1270000
rs64,6,1275000
rs65,6,1280000
rs66,6,1285000
rs67,6,1290000
rs68,6,1295000
rs69,6,1300000
rs70,6,1305000
rs71,6,1460000
rs72,6,1465000
rs73,6,1470000
rs74,6,1475000
rs75,6,1480000
rs76,6,1485000
rs77,6,1490000
rs78,6,1495000
rs79,6,1500000
rs80,6,1505000
rs81,1,1260000
rs82,1,1265000
rs83,1,1270000
rs84,1,1275000
rs85,1,1280000
rs86,1,1285000
rs87,1,1290000
rs88,1,1295000
rs89,1,1300000
rs90,1,1305000
rs91,6,60000
rs92,6,65000
rs93,6,70000
rs94,6,75000
rs95,6,80000
rs96,6,85000
rs97,6,90000
rs98,6,95000
rs99,6,100000
rs100,6,105000
rs101,2,210000
rs102,2,215000
rs103,2,220000
rs104,2,225000
rs105,2,230000
rs106,2,235000
rs107,2,240000
rs108,2,245000
rs109,2,250000
rs110,2,255000
rs111,6,360000
rs112,6,365000
rs113,6,370000
rs114,6,375000
rs115,6,380000
rs116,6,385000
rs117,6,390000
rs118,6,395000
rs119,6,400000
rs120,6,405000
rs121,4,160000
rs122,4,165000
rs123,4,170000
rs124,4,175000
rs125,4,180000
rs126,4,185000
rs127,4,190000
rs128,4,195000
rs129,4,200000
rs130,4,205000
rs131,1,310000
rs132,1,315000
rs133,1,320000
rs134,1,325000
rs135,1,330000
rs136,1,335000
rs137,1,340000
rs138,1,345000
rs139,1,350000
rs140,1,355000
rs141,4,360000
rs142,4,365000
rs143,4,370000
rs144,4,375000
rs145,4,380000
rs146,4,385000
rs147,4,390000
rs148,4,395000
rs149,4,400000
rs150,4,405000
rs151,6,860000
rs152,6,865000
rs153,6,870000
rs154,6,875000
rs155,6,880000
rs156,6,885000
rs157,6,890000
rs158,6,895000
rs159,6,900000
rs160,6,905000
rs161,3,460000
rs162,3,465000
rs163,3,470000
rs164,3,475000
rs165,3,480000
rs166,3,485000
rs167,3,490000
rs168,3,495000
rs169,3,500000
rs170,3,505000
rs171,4,610000
rs172,4,615000
rs173,4,620000
rs174,4,625000
rs175,4,630000
rs176,4,635000
rs177,4,640000
rs178,4,645000
rs179,4,650000
rs180,4,655000
rs181,2,660000
rs182,2,665000
rs183,2,670000
rs184,2,675000
rs185,2,680000
rs186,2,685000
rs187,2,690000
rs188,2,695000
rs189,2,700000
rs190,2,705000
rs191,4,660000
rs192,4,665000
rs193,4,670000
rs194,4,675000
rs195,4,680000
rs196,4,685000
rs197,4,690000
rs198,4,695000
rs199,4,700000
rs200,4,705000
rs201,5,910000
rs202,5,915000
rs203,5,920000
rs204,5,925000
rs205,5,930000
rs206,5,935000
rs207,5,940000
rs208,5,945000
rs209,5,950000
rs210,5,955000
rs211,3,660000
rs212,3,665000
rs213,3,670000
rs214,3,675000
rs215,3,680000
rs216,3,685000
rs217,3,690000
rs218,3,695000
rs219,3,700000
rs220,3,705000
rs221,1,660000
rs222,1,665000
rs223,1,670000
rs224,1,675000
rs225,1,680000
rs226,1,685000
rs227,1,690000
rs228,1,695000
rs229,1,700000
rs230,1,705000
rs231,4,710000
rs232,4,715000
rs233,4,720000
rs234,4,725000
rs235,4,730000
rs236,4,735000
rs237,4,740000
rs238,4,745000
rs239,4,750000
rs240,4,755000
rs241,1,710000
rs242,1,715000
rs243,1,720000
rs244,1,725000
rs245,1,730000
rs246,1,735000
rs247,1,740000
rs248,1,745000
rs249,1,750000
rs250,1,755000
rs251,3,710000
rs252,3,715000
rs253,3,720000
rs254,3,725000
rs255,3,730000
rs256,3,735000
rs257,3,740000
rs258,3,745000
rs259,3,750000
rs260,3,755000
rs261,1,760000
rs262,1,765000
rs263,1,770000
rs264,1,775000
rs265,1,780000
rs266,1,785000
rs267,1,790000
rs268,1,795000
rs269,1,800000
rs270,1,805000
rs271,1,810000
rs272,1,815000
rs273,1,820000
rs274,1,825000
rs275,1,830000
rs276,1,835000
rs277,1,840000
rs278,1,845000
rs279,1,850000
rs280,1,855000
rs281,3,760000
rs282,3,765000
rs283,3,770000
rs284,3,775000
rs285,3,780000
rs286,3,785000
rs287,3,790000
rs288,3,795000
rs289,3,800000
rs290,3,805000
rs291,6,1110000
rs292,6,1115000
rs293,6,1120000
rs294,6,1125000
rs295,6,1130000
rs296,6,1135000
rs297,6,1140000
rs298,6,1145000
rs299,6,1150000
rs300,6,1155000
rs301,4,760000
rs302,4,765000
rs303,4,770000
rs304,4,775000
rs305,4,780000
rs306,4,785000
rs307,4,790000
rs308,4,795000
rs309,4,800000
rs310,4,805000
rs311,2,710000
rs312,2,715000
rs313,2,720000
rs314,2,725000
rs315,2,730000
rs316,2,735000
rs317,2,740000
rs318,2,745000
rs319,2,750000
rs320,2,755000
rs321,3,860000
rs322,3,865000
rs323,3,870000
rs324,3,875000
rs325,3,880000
rs326,3,885000
rs327,3,890000
rs328,3,895000
rs329,3,900000
rs330,3,905000
rs331,1,860000
rs332,1,865000
rs333,1,870000
rs334,1,875000
rs335,1,880000
rs336,1,885000
rs337,1,890000
rs338,1,895000
rs339,1,900000
rs340,1,905000
rs341,3,910000
rs342,3,915000
rs343,3,920000
rs344,3,925000
rs345,3,930000
rs346,3,935000
rs347,3,940000
rs348,3,945000
rs349,3,950000
rs350,3,955000
rs351,2,760000
rs352,2,765000
rs353,2,770000
rs354,2,775000
rs355,2,780000
rs356,2,785000
rs357,2,790000
rs358,2,795000
rs359,2,800000
rs360,2,805000
rs361,4,810000
rs362,4,815000
rs363,4,820000
rs364,4,825000
rs365,4,830000
rs366,4,835000
rs367,4,840000
rs368,4,845000
rs369,4,850000
rs370,4,855000
rs371,1,910000
rs372,1,915000
rs373,1,920000
rs374,1,925000
rs375,1,930000
rs376,1,935000
rs377,1,940000
rs378,1,945000
rs379,1,950000
rs380,1,955000
rs381,3,960000
rs382,3,965000
rs383,3,970000
rs384,3,975000
rs385,3,980000
rs386,3,985000
rs387,3,990000
rs388,3,995000
rs389,3,1000000
rs390,3,1005000
rs391,4,860000
rs392,4,865000
rs393,4,870000
rs394,4,875000
rs395,4,880000
rs396,4,885000
rs397,4,890000
rs398,4,895000
rs399,4,900000
rs400,4,905000
rs401,4,910000
rs402,4,915000
rs403,4,920000
rs404,4,925000
rs405,4,930000
rs406,4,935000
rs407,4,940000
rs408,4,945000
rs409,4,950000
rs410,4,955000
rs411,2,810000
rs412,2,815000
rs413,2,820000
rs414,2,825000
rs415,2,830000
rs416,2,835000
rs417,2,840000
rs418,2,845000
rs419,2,850000
rs420,2,855000
rs421,1,960000
rs422,1,965000
rs423,1,970000
rs424,1,975000
rs425,1,980000
rs426,1,985000
rs427,1,990000
rs428,1,995000
rs429,1,1000000
rs430,1,1005000
rs431,4,960000
rs432,4,965000
rs433,4,970000
rs434,4,975000
rs435,4,980000
rs436,4,985000
rs437,4,990000
rs438,4,995000
rs439,4,1000000
rs440,4,1005000
rs441,6,1160000
rs442,6,1165000
rs443,6,1170000
rs444,6,1175000
rs445,6,1180000
rs446,6,1185000
rs447,6,1190000
rs448,6,1195000
rs449,6,1200000
rs450,6,1205000
rs451,1,1010000
rs452,1,1015000
rs453,1,1020000
rs454,1,1025000
rs455,1,1030000
rs456,1,1035000
rs457,1,1040000
rs458,1,1045000
rs459,1,1050000
rs460,1,1055000
rs461,5,960000
rs462,5,965000
rs463,5,970000
rs464,5,975000
rs465,5,980000
rs466,5,985000
rs467,5,990000
rs468,5,995000
rs469,5,1000000
rs470,5,1005000
rs471,3,1060000
rs472,3,1065000
rs473,3,1070000
rs474,3,1075000
rs475,3,1080000
rs476,3,1085000
rs477,3,1090000
rs478,3,1095000
rs479,3,1100000
rs480,3,1105000
rs481,5,1010000
rs482,5,1015000
rs483,5,1020000
rs484,5,1025000
rs485,5,1030000
rs486,5,1035000
rs487,5,1040000
rs488,5,1045000
rs489,5,1050000
rs490,5,1055000
rs491,4,1010000
rs492,4,1015000
rs493,4,1020000
rs494,4,1025000
rs495,4,1030000
rs496,4,1035000
rs497,4,1040000
rs498,4,1045000
rs499,4,1050000
rs500,4,1055000
rs501,1,1060000
rs502,1,1065000
rs503,1,1070000
rs504,1,1075000
rs505,1,1080000
rs506,1,1085000
rs507,1,1090000
rs508,1,1095000
rs509,1,1100000
rs510,1,1105000
rs511,3,1110000
rs512,3,1115000
rs513,3,1120000
rs514,3,1125000
rs515,3,1130000
rs516,3,1135000
rs517,3,1140000
rs518,3,1145000
rs519,3,1150000
rs520,3,1155000
rs521,3,1160000
rs522,3,1165000
rs523,3,1170000
rs524,3,1175000
rs525,3,1180000
rs526,3,1185000
rs527,3,1190000
rs528,3,1195000
rs529,3,1200000
rs530,3,1205000
rs531,2,860000
rs532,2,865000
rs533,2,870000
rs534,2,875000
rs535,2,880000
rs536,2,885000
rs537,2,890000
rs538,2,895000
rs539,2,900000
rs540,2,905000
rs541,4,1060000
rs542,4,1065000
rs543,4,1070000
rs544,4,1075000
rs545,4,1080000
rs546,4,1085000
rs547,4,1090000
rs548,4,1095000
rs549,4,1100000
rs550,4,1105000
rs551,2,910000
rs552,2,915000
rs553,2,920000
rs554,2,925000
rs555,2,930000
rs556,2,935000
rs557,2,940000
rs558,2,945000
rs559,2,950000
rs560,2,955000
rs561,4,1110000
rs562,4,1115000
rs563,4,1120000
rs564,4,1125000
rs565,4,1130000
rs566,4,1135000
rs567,4,1140000
rs568,4,1145000
rs569,4,1150000
rs570,4,1155000
rs571,2,960000
rs572,2,965000
rs573,2,970000
rs574,2,975000
rs575,2,980000
rs576,2,985000
rs577,2,990000
rs578,2,995000
rs579,2,1000000
rs580,2,1005000
rs581,1,1110000
rs582,1,1115000
rs583,1,1120000
rs584,1,1125000
rs585,1,1130000
rs586,1,1135000
rs587,1,1140000
rs588,1,1145000
rs589,1,1150000
rs590,1,1155000
rs591,2,1010000
rs592,2,1015000
rs593,2,1020000
rs594,2,1025000
rs595,2,1030000
rs596,2,1035000
rs597,2,1040000
rs598,2,1045000
rs599,2,1050000
rs600,2,1055000
rs601,4,1210000
rs602,4,1215000
rs603,4,1220000
rs604,4,1225000
rs605,4,1230000
rs606,4,1235000
rs607,4,1240000
rs608,4,1245000
rs609,4,1250000
rs610,4,1255000
rs611,2,1060000
rs612,2,1065000
rs613,2,1070000
rs614,2,1075000
rs615,2,1080000
rs616,2,1085000
rs617,2,1090000
rs618,2,1095000
rs619,2,1100000
rs620,2,1105000
rs621,5,1060000
rs622,5,1065000
rs623,5,1070000
rs624,5,1075000
rs625,5,1080000
rs626,5,1085000
rs627,5,1090000
rs628,5,1095000
rs629,5,1100000
rs630,5,1105000
rs631,4,1260000
rs632,4,1265000
rs633,4,1270000
rs634,4,1275000
rs635,4,1280000
rs636,4,1285000
rs637,4,1290000
rs638,4,1295000
rs639,4,1300000
rs640,4,1305000
rs641,2,1110000
rs642,2,1115000
rs643,2,1120000
rs644,2,1125000
rs645,2,1130000
rs646,2,1135000
rs647,2,1140000
rs648,2,1145000
rs649,2,1150000
rs650,2,1155000
rs651,3,1210000
rs652,3,1215000
rs653,3,1220000
rs654,3,1225000
rs655,3,1230000
rs656,3,1235000
rs657,3,1240000
rs658,3,1245000
rs659,3,1250000
rs660,3,1255000
rs661,5,1110000
rs662,5,1115000
rs663,5,1120000
rs664,5,1125000
rs665,5,1130000
rs666,5,1135000
rs667,5,1140000
rs668,5,1145000
rs669,5,1150000
rs670,5,1155000
rs671,2,1160000
rs672,2,1165000
rs673,2,1170000
rs674,2,1175000
rs675,2,1180000
rs676,2,1185000
rs677,2,1190000
rs678,2,1195000
rs679,2,1200000
rs680,2,1205000
rs681,3,1260000
rs682,3,1265000
rs683,3,1270000
rs684,3,1275000
rs685,3,1280000
rs686,3,1285000
rs687,3,1290000
rs688,3,1295000
rs689,3,1300000
rs690,3,1305000
rs691,5,1160000
rs692,5,1165000
rs693,5,1170000
rs694,5,1175000
rs695,5,1180000
rs696,5,1185000
rs697,5,1190000
rs698,5,1195000
rs699,5,1200000
rs700,5,1205000
rs701,6,1310000
rs702,6,1315000
rs703,6,1320000
rs704,6,1325000
rs705,6,1330000
rs706,6,1335000
rs707,6,1340000
rs708,6,1345000
rs709,6,1350000
rs710,6,1355000
rs711,6,1360000
rs712,6,1365000
rs713,6,1370000
rs714,6,1375000
rs715,6,1380000
rs716,6,1385000
rs717,6,1390000
rs718,6,1395000
rs719,6,1400000
rs720,6,1405000
rs721,4,1310000
rs722,4,1315000
rs723,4,1320000
rs724,4,1325000
rs725,4,1330000
rs726,4,1335000
rs727,4,1340000
rs728,4,1345000
rs729,4,1350000
rs730,4,1355000
rs731,5,1210000
rs732,5,1215000
rs733,5,1220000
rs734,5,1225000
rs735,5,1230000
rs736,5,1235000
rs737,5,1240000
rs738,5,1245000
rs739,5,1250000
rs740,5,1255000
rs741,6,1410000
rs742,6,1415000
rs743,6,1420000
rs744,6,1425000
rs745,6,1430000
rs746,6,1435000
rs747,6,1440000
rs748,6,1445000
rs749,6,1450000
rs750,6,1455000
rs751,4,1360000
rs752,4,1365000
rs753,4,1370000
rs754,4,1375000
rs755,4,1380000
rs756,4,1385000
rs757,4,1390000
rs758,4,1395000
rs759,4,1400000
rs760,4,1405000
rs761,1,1160000
rs762,1,1165000
rs763,1,1170000
rs764,1,1175000
rs765,1,1180000
rs766,1,1185000
rs767,1,1190000
rs768,1,1195000
rs769,1,1200000
rs770,1,1205000
rs771,2,1210000
rs772,2,1215000
rs773,2,1220000
rs774,2,1225000
rs775,2,1230000
rs776,2,1235000
rs777,2,1240000
rs778,2,1245000
rs779,2,1250000
rs780,2,1255000
rs781,4,1410000
rs782,4,1415000
rs783,4,1420000
rs784,4,1425000
rs785,4,1430000
rs786,4,1435000
rs787,4,1440000
rs788,4,1445000
rs789,4,1450000
rs790,4,1455000
rs791,5,1260000
rs792,5,1265000
rs793,5,1270000
rs794,5,1275000
rs795,5,1280000
rs796,5,1285000
rs797,5,1290000
rs798,5,1295000
rs799,5,1300000
rs800,5,1305000
rs801,5,1310000
rs802,5,1315000
rs803,5,1320000
rs804,5,1325000
rs805,5,1330000
rs806,5,1335000
rs807,5,1340000
rs808,5,1345000
rs809,5,1350000
rs810,5,1355000
rs811,3,1310000
rs812,3,1315000
rs813,3,1320000
rs814,3,1325000
rs815,3,1330000
rs816,3,1335000
rs817,3,1340000
rs818,3,1345000
rs819,3,1350000
rs820,3,1355000
rs821,3,1360000
rs822,3,1365000
rs823,3,1370000
rs824,3,1375000
rs825,3,1380000
rs826,3,1385000
rs827,3,1390000
rs828,3,1395000
rs829,3,1400000
rs830,3,1405000
rs831,5,1360000
rs832,5,1365000
rs833,5,1370000
rs834,5,1375000
rs835,5,1380000
rs836,5,1385000
rs837,5,1390000
rs838,5,1395000
rs839,5,1400000
rs840,5,1405000
rs841,3,1410000
rs842,3,1415000
rs843,3,1420000
rs844,3,1425000
rs845,3,1430000
rs846,3,1435000
rs847,3,1440000
rs848,3,1445000
rs849,3,1450000
rs850,3,1455000
rs851,1,1210000
rs852,1,1215000
rs853,1,1220000
rs854,1,1225000
rs855,1,1230000
rs856,1,1235000
rs857,1,1240000
rs858,1,1245000
rs859,1,1250000
rs860,1,1255000
rs861,5,1410000
rs862,5,1415000
rs863,5,1420000
rs864,5,1425000
rs865,5,1430000
rs866,5,1435000
rs867,5,1440000
rs868,5,1445000
rs869,5,1450000
rs870,5,1455000
rs871,6,1510000
rs872,6,1515000
rs873,6,1520000
rs874,6,1525000
rs875,6,1530000
rs876,6,1535000
rs877,6,1540000
rs878,6,1545000
rs879,6,1550000
rs880,6,1555000
rs881,5,1460000
rs882,5,1465000
rs883,5,1470000
rs884,5,1475000
rs885,5,1480000
rs886,5,1485000
rs887,5,1490000
rs888,5,1495000
rs889,5,1500000
rs890,5,1505000
rs891,3,1460000
rs892,3,1465000
rs893,3,1470000
rs894,3,1475000
rs895,3,1480000
rs896,3,1485000
rs897,3,1490000
rs898,3,1495000
rs899,3,1500000
rs900,3,1505000
rs901,3,1510000
rs902,3,1515000
rs903,3,1520000
rs904,3,1525000
rs905,3,1530000
rs906,3,1535000
rs907,3,1540000
rs908,3,1545000
rs909,3,1550000
rs910,3,1555000
rs911,6,1560000
rs912,6,1565000
rs913,6,1570000
rs914,6,1575000
rs915,6,1580000
rs916,6,1585000
rs917,6,1590000
rs918,6,1595000
rs919,6,1600000
rs920,6,1605000
rs921,3,1560000
rs922,3,1565000
rs923,3,1570000
rs924,3,1575000
rs925,3,1580000
rs926,3,1585000
rs927,3,1590000
rs928,3,1595000
rs929,3,1600000
rs930,3,1605000
rs931,6,1610000
rs932,6,1615000
rs933,6,1620000
rs934,6,1625000
rs935,6,1630000
rs936,6,1635000
rs937,6,1640000
rs938,6,1645000
rs939,6,1650000
rs940,6,1655000
rs941,3,1610000
rs942,3,1615000
rs943,3,1620000
rs944,3,1625000
rs945,3,1630000
rs946,3,1635000
rs947,3,1640000
rs948,3,1645000
rs949,3,1650000
rs950,3,1655000
rs951,6,1660000
rs952,6,1665000
rs953,6,1670000
rs954,6,1675000
rs955,6,1680000
rs956,6,1685000
rs957,6,1690000
rs958,6,1695000
rs959,6,1700000
rs960,6,1705000
rs961,5,1510000
rs962,5,1515000
rs963,5,1520000
rs964,5,1525000
rs965,5,1530000
rs966,5,1535000
rs967,5,1540000
rs968,5,1545000
rs969,5,1550000
rs970,5,1555000
rs971,5,1560000
rs972,5,1565000
rs973,5,1570000
rs974,5,1575000
rs975,5,1580000
rs976,5,1585000
rs977,5,1590000
rs978,5,1595000
rs979,5,1600000
rs980,5,1605000
rs981,6,1710000
rs982,6,1715000
rs983,6,1720000
rs984,6,1725000
rs985,6,1730000
rs986,6,1735000
rs987,6,1740000
rs988,6,1745000
rs989,6,1750000
rs990,6,1755000
rs991,5,10000
rs992,5,15000
rs993,5,20000
rs994,5,25000
rs995,5,30000
rs996,5,35000
rs997,5,40000
rs998,5,45000
rs999,5,50000
rs1000,5,55000
rs1001,5,60000
rs1002,5,65000
rs1003,5,70000
rs1004,5,75000
rs1005,5,80000
rs1006,5,85000
rs1007,5,90000
rs1008,5,95000
rs1009,5,100000
rs1010,5,105000
rs1011,2,10000
rs1012,2,15000
rs1013,2,20000
rs1014,2,25000
rs1015,2,30000
rs1016,2,35000
rs1017,2,40000
rs1018,2,45000
rs1019,2,50000
rs1020,2,55000
rs1021,4,10000
rs1022,4,15000
rs1023,4,20000
rs1024,4,25000
rs1025,4,30000
rs1026,4,35000
rs1027,4,40000
rs1028,4,45000
rs1029,4,50000
rs1030,4,55000
rs1031,2,60000
rs1032,2,65000
rs1033,2,70000
rs1034,2,75000
rs1035,2,80000
rs1036,2,85000
rs1037,2,90000
rs1038,2,95000
rs1039,2,100000
rs1040,2,105000
rs1041,2,110000
rs1042,2,115000
rs1043,2,120000
rs1044,2,125000
rs1045,2,130000
rs1046,2,135000
rs1047,2,140000
rs1048,2,145000
rs1049,2,150000
rs1050,2,155000
rs1051,4,60000
rs1052,4,65000
rs1053,4,70000
rs1054,4,75000
rs1055,4,80000
rs1056,4,85000
rs1057,4,90000
rs1058,4,95000
rs1059,4,100000
rs1060,4,105000
rs1061,3,10000
rs1062,3,15000
rs1063,3,20000
rs1064,3,25000
rs1065,3,30000
rs1066,3,35000
rs1067,3,40000
rs1068,3,45000
rs1069,3,50000
rs1070,3,55000
rs1071,6,110000
rs1072,6,115000
rs1073,6,120000
rs1074,6,125000
rs1075,6,130000
rs1076,6,135000
rs1077,6,140000
rs1078,6,145000
rs1079,6,150000
rs1080,6,155000
rs1081,2,160000
rs1082,2,165000
rs1083,2,170000
rs1084,2,175000
rs1085,2,180000
rs1086,2,185000
rs1087,2,190000
rs1088,2,195000
rs1089,2,200000
rs1090,2,205000
rs1091,3,60000
rs1092,3,65000
rs1093,3,70000
rs1094,3,75000
rs1095,3,80000
rs1096,3,85000
rs1097,3,90000
rs1098,3,95000
rs1099,3,100000
rs1100,3,105000
rs1101,1,10000
rs1102,1,15000
rs1103,1,20000
rs1104,1,25000
rs1105,1,30000
rs1106,1,35000
rs1107,1,40000
rs1108,1,45000
rs1109,1,50000
rs1110,1,55000
rs1111,5,110000
rs1112,5,115000
rs1113,5,120000
rs1114,5,125000
rs1115,5,130000
rs1116,5,135000
rs1117,5,140000
rs1118,5,145000
rs1119,5,150000
rs1120,5,155000
rs1121,2,260000
rs1122,2,265000
rs1123,2,270000
rs1124,2,275000
rs1125,2,280000
rs1126,2,285000
rs1127,2,290000
rs1128,2,295000
rs1129,2,300000
rs1130,2,305000
rs1131,5,160000
rs1132,5,165000
rs1133,5,170000
rs1134,5,175000
rs1135,5,180000
rs1136,5,185000
rs1137,5,190000
rs1138,5,195000
rs1139,5,200000
rs1140,5,205000
rs1141,6,160000
rs1142,6,165000
rs1143,6,170000
rs1144,6,175000
rs1145,6,180000
rs1146,6,185000
rs1147,6,190000
rs1148,6,195000
rs1149,6,200000
rs1150,6,205000
rs1151,6,210000
rs1152,6,215000
rs1153,6,220000
rs1154,6,225000
rs1155,6,230000
rs1156,6,235000
rs1157,6,240000
rs1158,6,245000
rs1159,6,250000
rs1160,6,255000
rs1161,6,260000
rs1162,6,265000
rs1163,6,270000
rs1164,6,275000
rs1165,6,280000
rs1166,6,285000
rs1167,6,290000
rs1168,6,295000
rs1169,6,300000
rs1170,6,305000
rs1171,1,60000
rs1172,1,65000
rs1173,1,70000
rs1174,1,75000
rs1175,1,80000
rs1176,1,85000
rs1177,1,90000
rs1178,1,95000
rs1179,1,100000
rs1180,1,105000
rs1181,6,310000
rs1182,6,315000
rs1183,6,320000
rs1184,6,325000
rs1185,6,330000
rs1186,6,335000
rs1187,6,340000
rs1188,6,345000
rs1189,6,350000
rs1190,6,355000
rs1191,4,110000
rs1192,4,115000
rs1193,4,120000
rs1194,4,125000
rs1195,4,130000
rs1196,4,135000
rs1197,4,140000
rs1198,4,145000
rs1199,4,150000
rs1200,4,155000
rs1201,3,110000
rs1202,3,115000
rs1203,3,120000
rs1204,3,125000
rs1205,3,130000
rs1206,3,135000
rs1207,3,140000
rs1208,3,145000
rs1209,3,150000
rs1210,3,155000
rs1211,6,410000
rs1212,6,415000
rs1213,6,420000
rs1214,6,425000
rs1215,6,430000
rs1216,6,435000
rs1217,6,440000
rs1218,6,445000
rs1219,6,450000
rs1220,6,455000
rs1221,5,210000
rs1222,5,215000
rs1223,5,220000
rs1224,5,225000
rs1225,5,230000
rs1226,5,235000
rs1227,5,240000
rs1228,5,245000
rs1229,5,250000
rs1230,5,255000
rs1231,2,310000
rs1232,2,315000
rs1233,2,320000
rs1234,2,325000
rs1235,2,330000
rs1236,2,335000
rs1237,2,340000
rs1238,2,345000
rs1239,2,350000
rs1240,2,355000
rs1241,5,260000
rs1242,5,265000
rs1243,5,270000
rs1244,5,275000
rs1245,5,280000
rs1246,5,285000
rs1247,5,290000
rs1248,5,295000
rs1249,5,300000
rs1250,5,305000
rs1251,6,460000
rs1252,6,465000
rs1253,6,470000
rs1254,6,475000
rs1255,6,480000
rs1256,6,485000
rs1257,6,490000
rs1258,6,495000
rs1259,6,500000
rs1260,6,505000
rs1261,6,510000
rs1262,6,515000
rs1263,6,520000
rs1264,6,525000
rs1265,6,530000
rs1266,6,535000
rs1267,6,540000
rs1268,6,545000
rs1269,6,550000
rs1270,6,555000
rs1271,1,110000
rs1272,1,115000
rs1273,1,120000
rs1274,1,125000
rs1275,1,130000
rs1276,1,135000
rs1277,1,140000
rs1278,1,145000
rs1279,1,150000
rs1280,1,155000
rs1281,2,360000
rs1282,2,365000
rs1283,2,370000
rs1284,2,375000
rs1285,2,380000
rs1286,2,385000
rs1287,2,390000
rs1288,2,395000
rs1289,2,400000
rs1290,2,405000
rs1291,3,160000
rs1292,3,165000
rs1293,3,170000
rs1294,3,175000
rs1295,3,180000
rs1296,3,185000
rs1297,3,190000
rs1298,3,195000
rs1299,3,200000
rs1300,3,205000
rs1301,5,310000
rs1302,5,315000
rs1303,5,320000
rs1304,5,325000
rs1305,5,330000
rs1306,5,335000
rs1307,5,340000
rs1308,5,345000
rs1309,5,350000
rs1310,5,355000
rs1311,5,360000
rs1312,5,365000
rs1313,5,370000
rs1314,5,375000
rs1315,5,380000
rs1316,5,385000
rs1317,5,390000
rs1318,5,395000
rs1319,5,400000
rs1320,5,405000
rs1321,1,160000
rs1322,1,165000
rs1323,1,170000
rs1324,1,175000
rs1325,1,180000
rs1326,1,185000
rs1327,1,190000
rs1328,1,195000
rs1329,1,200000
rs1330,1,205000
rs1331,6,560000
rs1332,6,565000
rs1333,6,570000
rs1334,6,575000
rs1335,6,580000
rs1336,6,585000
rs1337,6,590000
rs1338,6,595000
rs1339,6,600000
rs1340,6,605000
rs1341,2,410000
rs1342,2,415000
rs1343,2,420000
rs1344,2,425000
rs1345,2,430000
rs1346,2,435000
rs1347,2,440000
rs1348,2,445000
rs1349,2,450000
rs1350,2,455000
rs1351,1,210000
rs1352,1,215000
rs1353,1,220000
rs1354,1,225000
rs1355,1,230000
rs1356,1,235000
rs1357,1,240000
rs1358,1,245000
rs1359,1,250000
rs1360,1,255000
rs1361,4,210000
rs1362,4,215000
rs1363,4,220000
rs1364,4,225000
rs1365,4,230000
rs1366,4,235000
rs1367,4,240000
rs1368,4,245000
rs1369,4,250000
rs1370,4,255000
rs1371,5,410000
rs1372,5,415000
rs1373,5,420000
rs1374,5,425000
rs1375,5,430000
rs1376,5,435000
rs1377,5,440000
rs1378,5,445000
rs1379,5,450000
rs1380,5,455000
rs1381,1,260000
rs1382,1,265000
rs1383,1,270000
rs1384,1,275000
rs1385,1,280000
rs1386,1,285000
rs1387,1,290000
rs1388,1,295000
rs1389,1,300000
rs1390,1,305000
rs1391,1,360000
rs1392,1,365000
rs1393,1,370000
rs1394,1,375000
rs1395,1,380000
rs1396,1,385000
rs1397,1,390000
rs1398,1,395000
rs1399,1,400000
rs1400,1,405000
rs1401,6,610000
rs1402,6,615000
rs1403,6,620000
rs1404,6,625000
rs1405,6,630000
rs1406,6,635000
rs1407,6,640000
rs1408,6,645000
rs1409,6,650000
rs1410,6,655000
rs1411,3,210000
rs1412,3,215000
rs1413,3,220000
rs1414,3,225000
rs1415,3,230000
rs1416,3,235000
rs1417,3,240000
rs1418,3,245000
rs1419,3,250000
rs1420,3,255000
rs1421,3,260000
rs1422,3,265000
rs1423,3,270000
rs1424,3,275000
rs1425,3,280000
rs1426,3,285000
rs1427,3,290000
rs1428,3,295000
rs1429,3,300000
rs1430,3,305000
rs1431,4,260000
rs1432,4,265000
rs1433,4,270000
rs1434,4,275000
rs1435,4,280000
rs1436,4,285000
rs1437,4,290000
rs1438,4,295000
rs1439,4,300000
rs1440,4,305000
rs1441,2,460000
rs1442,2,465000
rs1443,2,470000
rs1444,2,475000
rs1445,2,480000
rs1446,2,485000
rs1447,2,490000
rs1448,2,495000
rs1449,2,500000
rs1450,2,505000
rs1451,6,660000
rs1452,6,665000
rs1453,6,670000
rs1454,6,675000
rs1455,6,680000
rs1456,6,685000
rs1457,6,690000
rs1458,6,695000
rs1459,6,700000
rs1460,6,705000
rs1461,6,710000
rs1462,6,715000
rs1463,6,720000
rs1464,6,725000
rs1465,6,730000
rs1466,6,735000
rs1467,6,740000
rs1468,6,745000
rs1469,6,750000
rs1470,6,755000
rs1471,4,310000
rs1472,4,315000
rs1473,4,320000
rs1474,4,325000
rs1475,4,330000
rs1476,4,335000
rs1477,4,340000
rs1478,4,345000
rs1479,4,350000
rs1480,4,355000
rs1481,2,510000
rs1482,2,515000
rs1483,2,520000
rs1484,2,525000
rs1485,2,530000
rs1486,2,535000
rs1487,2,540000
rs1488,2,545000
rs1489,2,550000
rs1490,2,555000
rs1491,3,310000
rs1492,3,315000
rs1493,3,320000
rs1494,3,325000
rs1495,3,330000
rs1496,3,335000
rs1497,3,340000
rs1498,3,345000
rs1499,3,350000
rs1500,3,355000
rs1501,6,760000
rs1502,6,765000
rs1503,6,770000
rs1504,6,775000
rs1505,6,780000
rs1506,6,785000
rs1507,6,790000
rs1508,6,795000
rs1509,6,800000
rs1510,6,805000
rs1511,6,810000
rs1512,6,815000
rs1513,6,820000
rs1514,6,825000
rs1515,6,830000
rs1516,6,835000
rs1517,6,840000
rs1518,6,845000
rs1519,6,850000
rs1520,6,855000
rs1521,4,410000
rs1522,4,415000
rs1523,4,420000
rs1524,4,425000
rs1525,4,430000
rs1526,4,435000
rs1527,4,440000
rs1528,4,445000
rs1529,4,450000
rs1530,4,455000
rs1531,3,360000
rs1532,3,365000
rs1533,3,370000
rs1534,3,375000
rs1535,3,380000
rs1536,3,385000
rs1537,3,390000
rs1538,3,395000
rs1539,3,400000
rs1540,3,405000
rs1541,5,460000
rs1542,5,465000
rs1543,5,470000
rs1544,5,475000
rs1545,5,480000
rs1546,5,485000
rs1547,5,490000
rs1548,5,495000
rs1549,5,500000
rs1550,5,505000
rs1551,3,410000
rs1552,3,415000
rs1553,3,420000
rs1554,3,425000
rs1555,3,430000
rs1556,3,435000
rs1557,3,440000
rs1558,3,445000
rs1559,3,450000
rs1560,3,455000
rs1561,1,410000
rs1562,1,415000
rs1563,1,420000
rs1564,1,425000
rs1565,1,430000
rs1566,1,435000
rs1567,1,440000
rs1568,1,445000
rs1569,1,450000
rs1570,1,455000
rs1571,5,510000
rs1572,5,515000
rs1573,5,520000
rs1574,5,525000
rs1575,5,530000
rs1576,5,535000
rs1577,5,540000
rs1578,5,545000
rs1579,5,550000
rs1580,5,555000
rs1581,1,460000
rs1582,1,465000
rs1583,1,470000
rs1584,1,475000
rs1585,1,480000
rs1586,1,485000
rs1587,1,490000
rs1588,1,495000
rs1589,1,500000
rs1590,1,505000
rs1591,5,560000
rs1592,5,565000
rs1593,5,570000
rs1594,5,575000
rs1595,5,580000
rs1596,5,585000
rs1597,5,590000
rs1598,5,595000
rs1599,5,600000
rs1600,5,605000
rs1601,5,610000
rs1602,5,615000
rs1603,5,620000
rs1604,5,625000
rs1605,5,630000
rs1606,5,635000
rs1607,5,640000
rs1608,5,645000
rs1609,5,650000
rs1610,5,655000
rs1611,1,510000
rs1612,1,515000
rs1613,1,520000
rs1614,1,525000
rs1615,1,530000
rs1616,1,535000
rs1617,1,540000
rs1618,1,545000
rs1619,1,550000
rs1620,1,555000
rs1621,4,460000
rs1622,4,465000
rs1623,4,470000
rs1624,4,475000
rs1625,4,480000
rs1626,4,485000
rs1627,4,490000
rs1628,4,495000
rs1629,4,500000
rs1630,4,505000
rs1631,2,560000
rs1632,2,565000
rs1633,2,570000
rs1634,2,575000
rs1635,2,580000
rs1636,2,585000
rs1637,2,590000
rs1638,2,595000
rs1639,2,600000
rs1640,2,605000
rs1641,6,910000
rs1642,6,915000
rs1643,6,920000
rs1644,6,925000
rs1645,6,930000
rs1646,6,935000
rs1647,6,940000
rs1648,6,945000
rs1649,6,950000
rs1650,6,955000
rs1651,6,960000
rs1652,6,965000
rs1653,6,970000
rs1654,6,975000
rs1655,6,980000
rs1656,6,985000
rs1657,6,990000
rs1658,6,995000
rs1659,6,1000000
rs1660,6,1005000
rs1661,4,510000
rs1662,4,515000
rs1663,4,520000
rs1664,4,525000
rs1665,4,530000
rs1666,4,535000
rs1667,4,540000
rs1668,4,545000
rs1669,4,550000
rs1670,4,555000
rs1671,5,660000
rs1672,5,665000
rs1673,5,670000
rs1674,5,675000
rs1675,5,680000
rs1676,5,685000
rs1677,5,690000
rs1678,5,695000
rs1679,5,700000
rs1680,5,705000
rs1681,2,610000
rs1682,2,615000
rs1683,2,620000
rs1684,2,625000
rs1685,2,630000
rs1686,2,635000
rs1687,2,640000
rs1688,2,645000
rs1689,2,650000
rs1690,2,655000
rs1691,6,1010000
rs1692,6,1015000
rs1693,6,1020000
rs1694,6,1025000
rs1695,6,1030000
rs1696,6,1035000
rs1697,6,1040000
rs1698,6,1045000
rs1699,6,1050000
rs1700,6,1055000
rs1701,4,560000
rs1702,4,565000
rs1703,4,570000
rs1704,4,575000
rs1705,4,580000
rs1706,4,585000
rs1707,4,590000
rs1708,4,595000
rs1709,4,600000
rs1710,4,605000
rs1711,1,560000
rs1712,1,565000
rs1713,1,570000
rs1714,1,575000
rs1715,1,580000
rs1716,1,585000
rs1717,1,590000
rs1718,1,595000
rs1719,1,600000
rs1720,1,605000
rs1721,3,510000
rs1722,3,515000
rs1723,3,520000
rs1724,3,525000
rs1725,3,530000
rs1726,3,535000
rs1727,3,540000
rs1728,3,545000
rs1729,3,550000
rs1730,3,555000
rs1731,5,710000
rs1732,5,715000
rs1733,5,720000
rs1734,5,725000
rs1735,5,730000
rs1736,5,735000
rs1737,5,740000
rs1738,5,745000
rs1739,5,750000
rs1740,5,755000
rs1741,5,760000
rs1742,5,765000
rs1743,5,770000
rs1744,5,775000
rs1745,5,780000
rs1746,5,785000
rs1747,5,790000
rs1748,5,795000
rs1749,5,800000
rs1750,5,805000
rs1751,5,810000
rs1752,5,815000
rs1753,5,820000
rs1754,5,825000
rs1755,5,830000
rs1756,5,835000
rs1757,5,840000
rs1758,5,845000
rs1759,5,850000
rs1760,5,855000
rs1761,6,1060000
rs1762,6,1065000
rs1763,6,1070000
rs1764,6,1075000
rs1765,6,1080000
rs1766,6,1085000
rs1767,6,1090000
rs1768,6,1095000
rs1769,6,1100000
rs1770,6,1105000
rs1771,5,860000
rs1772,5,865000
rs1773,5,870000
rs1774,5,875000
rs1775,5,880000
rs1776,5,885000
rs1777,5,890000
rs1778,5,895000
rs1779,5,900000
rs1780,5,905000
rs1781,3,560000
rs1782,3,565000
rs1783,3,570000
rs1784,3,575000
rs1785,3,580000
rs1786,3,585000
rs1787,3,590000
rs1788,3,595000
rs1789,3,600000
rs1790,3,605000
rs1791,3,610000
rs1792,3,615000
rs1793,3,620000
rs1794,3,625000
rs1795,3,630000
rs1796,3,635000
rs1797,3,640000
rs1798,3,645000
rs1799,3,650000
rs1800,3,655000
