chr	position	geneticDistance	geneId	rs	causalSnp	snpNum
6	1e4	0.0	g1	rs1	1.0	1.0
6	15e3	0.0	g1	rs2	1.0	2.0
6	2e4	0.0	g1	rs3	1.0	3.0
6	25e3	0.0	g1	rs4	1.0	4.0
1	61e4	0.0	g2	rs5	1.0	5.0
1	615e3	0.0	g2	rs6	1.0	6.0
1	62e4	0.0	g2	rs7	1.0	7.0
1	625e3	0.0	g2	rs8	1.0	8.0
3	81e4	0.0	g3	rs9	1.0	9.0
3	815e3	0.0	g3	rs10	1.0	10.0
3	82e4	0.0	g3	rs11	1.0	11.0
3	825e3	0.0	g3	rs12	1.0	12.0
3	101e4	0.0	g4	rs13	1.0	13.0
3	1015e3	0.0	g4	rs14	1.0	14.0
3	102e4	0.0	g4	rs15	1.0	15.0
3	1025e3	0.0	g4	rs16	1.0	16.0
6	3e4	0.0	g1	rs17	0.0	17.0
6	35e3	0.0	g1	rs18	0.0	18.0
6	4e4	0.0	g1	rs19	0.0	19.0
6	45e3	0.0	g1	rs20	0.0	20.0
6	5e4	0.0	g1	rs21	0.0	21.0
6	55e3	0.0	g1	rs22	0.0	22.0
1	63e4	0.0	g2	rs23	0.0	23.0
1	635e3	0.0	g2	rs24	0.0	24.0
1	64e4	0.0	g2	rs25	0.0	25.0
1	645e3	0.0	g2	rs26	0.0	26.0
1	65e4	0.0	g2	rs27	0.0	27.0
1	655e3	0.0	g2	rs28	0.0	28.0
3	83e4	0.0	g3	rs29	0.0	29.0
3	835e3	0.0	g3	rs30	0.0	30.0
3	84e4	0.0	g3	rs31	0.0	31.0
3	845e3	0.0	g3	rs32	0.0	32.0
3	85e4	0.0	g3	rs33	0.0	33.0
3	855e3	0.0	g3	rs34	0.0	34.0
3	103e4	0.0	g4	rs35	0.0	35.0
3	1035e3	0.0	g4	rs36	0.0	36.0
3	104e4	0.0	g4	rs37	0.0	37.0
3	1045e3	0.0	g4	rs38	0.0	38.0
3	105e4	0.0	g4	rs39	0.0	39.0
3	1055e3	0.0	g4	rs40	0.0	40.0
6	121e4	0.0	g5	rs41	0.0	41.0
6	1215e3	0.0	g5	rs42	0.0	42.0
6	122e4	0.0	g5	rs43	0.0	43.0
6	1225e3	0.0	g5	rs44	0.0	44.0
6	123e4	0.0	g5	rs45	0.0	45.0
6	1235e3	0.0	g5	rs46	0.0	46.0
6	124e4	0.0	g5	rs47	0.0	47.0
6	1245e3	0.0	g5	rs48	0.0	48.0
6	125e4	0.0	g5	rs49	0.0	49.0
6	1255e3	0.0	g5	rs50	0.0	50.0
4	116e4	0.0	g6	rs51	0.0	51.0
4	1165e3	0.0	g6	rs52	0.0	52.0
4	117e4	0.0	g6	rs53	0.0	53.0
4	1175e3	0.0	g6	rs54	0.0	54.0
4	118e4	0.0	g6	rs55	0.0	55.0
4	1185e3	0.0	g6	rs56	0.0	56.0
4	119e4	0.0	g6	rs57	0.0	57.0
4	1195e3	0.0	g6	rs58	0.0	58.0
4	12e5	0.0	g6	rs59	0.0	59.0
4	1205e3	0.0	g6	rs60	0.0	60.0
6	126e4	0.0	g7	rs61	0.0	61.0
6	1265e3	0.0	g7	rs62	0.0	62.0
6	127e4	0.0	g7	rs63	0.0	63.0
6	1275e3	0.0	g7	rs64	0.0	64.0
6	128e4	0.0	g7	rs65	0.0	65.0
6	1285e3	0.0	g7	rs66	0.0	66.0
6	129e4	0.0	g7	rs67	0.0	67.0
6	1295e3	0.0	g7	rs68	0.0	68.0
6	13e5	0.0	g7	rs69	0.0	69.0
6	1305e3	0.0	g7	rs70	0.0	70.0
6	146e4	0.0	g8	rs71	0.0	71.0
6	1465e3	0.0	g8	rs72	0.0	72.0
6	147e4	0.0	g8	rs73	0.0	73.0
6	1475e3	0.0	g8	rs74	0.0	74.0
6	148e4	0.0	g8	rs75	0.0	75.0
6	1485e3	0.0	g8	rs76	0.0	76.0
6	149e4	0.0	g8	rs77	0.0	77.0
6	1495e3	0.0	g8	rs78	0.0	78.0
6	15e5	0.0	g8	rs79	0.0	79.0
6	1505e3	0.0	g8	rs80	0.0	80.0
1	126e4	0.0	g9	rs81	0.0	81.0
1	1265e3	0.0	g9	rs82	0.0	82.0
1	127e4	0.0	g9	rs83	0.0	83.0
1	1275e3	0.0	g9	rs84	0.0	84.0
1	128e4	0.0	g9	rs85	0.0	85.0
1	1285e3	0.0	g9	rs86	0.0	86.0
1	129e4	0.0	g9	rs87	0.0	87.0
1	1295e3	0.0	g9	rs88	0.0	88.0
1	13e5	0.0	g9	rs89	0.0	89.0
1	1305e3	0.0	g9	rs90	0.0	90.0
6	6e4	0.0	g10	rs91	0.0	91.0
6	65e3	0.0	g10	rs92	0.0	92.0
6	7e4	0.0	g10	rs93	0.0	93.0
6	75e3	0.0	g10	rs94	0.0	94.0
6	8e4	0.0	g10	rs95	0.0	95.0
6	85e3	0.0	g10	rs96	0.0	96.0
6	9e4	0.0	g10	rs97	0.0	97.0
6	95e3	0.0	g10	rs98	0.0	98.0
6	1e5	0.0	g10	rs99	0.0	99.0
6	105e3	0.0	g10	rs100	0.0	100.0
2	21e4	0.0	g11	rs101	0.0	101.0
2	215e3	0.0	g11	rs102	0.0	102.0
2	22e4	0.0	g11	rs103	0.0	103.0
2	225e3	0.0	g11	rs104	0.0	104.0
2	23e4	0.0	g11	rs105	0.0	105.0
2	235e3	0.0	g11	rs106	0.0	106.0
2	24e4	0.0	g11	rs107	0.0	107.0
2	245e3	0.0	g11	rs108	0.0	108.0
2	25e4	0.0	g11	rs109	0.0	109.0
2	255e3	0.0	g11	rs110	0.0	110.0
6	36e4	0.0	g12	rs111	0.0	111.0
6	365e3	0.0	g12	rs112	0.0	112.0
6	37e4	0.0	g12	rs113	0.0	113.0
6	375e3	0.0	g12	rs114	0.0	114.0
6	38e4	0.0	g12	rs115	0.0	115.0
6	385e3	0.0	g12	rs116	0.0	116.0
6	39e4	0.0	g12	rs117	0.0	117.0
6	395e3	0.0	g12	rs118	0.0	118.0
6	4e5	0.0	g12	rs119	0.0	119.0
6	405e3	0.0	g12	rs120	0.0	120.0
4	16e4	0.0	g13	rs121	0.0	121.0
4	165e3	0.0	g13	rs122	0.0	122.0
4	17e4	0.0	g13	rs123	0.0	123.0
4	175e3	0.0	g13	rs124	0.0	124.0
4	18e4	0.0	g13	rs125	0.0	125.0
4	185e3	0.0	g13	rs126	0.0	126.0
4	19e4	0.0	g13	rs127	0.0	127.0
4	195e3	0.0	g13	rs128	0.0	128.0
4	2e5	0.0	g13	rs129	0.0	129.0
4	205e3	0.0	g13	rs130	0.0	130.0
1	31e4	0.0	g14	rs131	0.0	131.0
1	315e3	0.0	g14	rs132	0.0	132.0
1	32e4	0.0	g14	rs133	0.0	133.0
1	325e3	0.0	g14	rs134	0.0	134.0
1	33e4	0.0	g14	rs135	0.0	135.0
1	335e3	0.0	g14	rs136	0.0	136.0
1	34e4	0.0	g14	rs137	0.0	137.0
1	345e3	0.0	g14	rs138	0.0	138.0
1	35e4	0.0	g14	rs139	0.0	139.0
1	355e3	0.0	g14	rs140	0.0	140.0
4	36e4	0.0	g15	rs141	0.0	141.0
4	365e3	0.0	g15	rs142	0.0	142.0
4	37e4	0.0	g15	rs143	0.0	143.0
4	375e3	0.0	g15	rs144	0.0	144.0
4	38e4	0.0	g15	rs145	0.0	145.0
4	385e3	0.0	g15	rs146	0.0	146.0
4	39e4	0.0	g15	rs147	0.0	147.0
4	395e3	0.0	g15	rs148	0.0	148.0
4	4e5	0.0	g15	rs149	0.0	149.0
4	405e3	0.0	g15	rs150	0.0	150.0
6	86e4	0.0	g16	rs151	0.0	151.0
6	865e3	0.0	g16	rs152	0.0	152.0
6	87e4	0.0	g16	rs153	0.0	153.0
6	875e3	0.0	g16	rs154	0.0	154.0
6	88e4	0.0	g16	rs155	0.0	155.0
6	885e3	0.0	g16	rs156	0.0	156.0
6	89e4	0.0	g16	rs157	0.0	157.0
6	895e3	0.0	g16	rs158	0.0	158.0
6	9e5	0.0	g16	rs159	0.0	159.0
6	905e3	0.0	g16	rs160	0.0	160.0
3	46e4	0.0	g17	rs161	0.0	161.0
3	465e3	0.0	g17	rs162	0.0	162.0
3	47e4	0.0	g17	rs163	0.0	163.0
3	475e3	0.0	g17	rs164	0.0	164.0
3	48e4	0.0	g17	rs165	0.0	165.0
3	485e3	0.0	g17	rs166	0.0	166.0
3	49e4	0.0	g17	rs167	0.0	167.0
3	495e3	0.0	g17	rs168	0.0	168.0
3	5e5	0.0	g17	rs169	0.0	169.0
3	505e3	0.0	g17	rs170	0.0	170.0
4	61e4	0.0	g18	rs171	0.0	171.0
4	615e3	0.0	g18	rs172	0.0	172.0
4	62e4	0.0	g18	rs173	0.0	173.0
4	625e3	0.0	g18	rs174	0.0	174.0
4	63e4	0.0	g18	rs175	0.0	175.0
4	635e3	0.0	g18	rs176	0.0	176.0
4	64e4	0.0	g18	rs177	0.0	177.0
4	645e3	0.0	g18	rs178	0.0	178.0
4	65e4	0.0	g18	rs179	0.0	179.0
4	655e3	0.0	g18	rs180	0.0	180.0
2	66e4	0.0	g19	rs181	0.0	181.0
2	665e3	0.0	g19	rs182	0.0	182.0
2	67e4	0.0	g19	rs183	0.0	183.0
2	675e3	0.0	g19	rs184	0.0	184.0
2	68e4	0.0	g19	rs185	0.0	185.0
2	685e3	0.0	g19	rs186	0.0	186.0
2	69e4	0.0	g19	rs187	0.0	187.0
2	695e3	0.0	g19	rs188	0.0	188.0
2	7e5	0.0	g19	rs189	0.0	189.0
2	705e3	0.0	g19	rs190	0.0	190.0
4	66e4	0.0	g20	rs191	0.0	191.0
4	665e3	0.0	g20	rs192	0.0	192.0
4	67e4	0.0	g20	rs193	0.0	193.0
4	675e3	0.0	g20	rs194	0.0	194.0
4	68e4	0.0	g20	rs195	0.0	195.0
4	685e3	0.0	g20	rs196	0.0	196.0
4	69e4	0.0	g20	rs197	0.0	197.0
4	695e3	0.0	g20	rs198	0.0	198.0
4	7e5	0.0	g20	rs199	0.0	199.0
4	705e3	0.0	g20	rs200	0.0	200.0
5	91e4	0.0	g21	rs201	0.0	201.0
5	915e3	0.0	g21	rs202	0.0	202.0
5	92e4	0.0	g21	rs203	0.0	203.0
5	925e3	0.0	g21	rs204	0.0	204.0
5	93e4	0.0	g21	rs205	0.0	205.0
5	935e3	0.0	g21	rs206	0.0	206.0
5	94e4	0.0	g21	rs207	0.0	207.0
5	945e3	0.0	g21	rs208	0.0	208.0
5	95e4	0.0	g21	rs209	0.0	209.0
5	955e3	0.0	g21	rs210	0.0	210.0
3	66e4	0.0	g22	rs211	0.0	211.0
3	665e3	0.0	g22	rs212	0.0	212.0
3	67e4	0.0	g22	rs213	0.0	213.0
3	675e3	0.0	g22	rs214	0.0	214.0
3	68e4	0.0	g22	rs215	0.0	215.0
3	685e3	0.0	g22	rs216	0.0	216.0
3	69e4	0.0	g22	rs217	0.0	217.0
3	695e3	0.0	g22	rs218	0.0	218.0
3	7e5	0.0	g22	rs219	0.0	219.0
3	705e3	0.0	g22	rs220	0.0	220.0
1	66e4	0.0	g23	rs221	0.0	221.0
1	665e3	0.0	g23	rs222	0.0	222.0
1	67e4	0.0	g23	rs223	0.0	223.0
1	675e3	0.0	g23	rs224	0.0	224.0
1	68e4	0.0	g23	rs225	0.0	225.0
1	685e3	0.0	g23	rs226	0.0	226.0
1	69e4	0.0	g23	rs227	0.0	227.0
1	695e3	0.0	g23	rs228	0.0	228.0
1	7e5	0.0	g23	rs229	0.0	229.0
1	705e3	0.0	g23	rs230	0.0	230.0
4	71e4	0.0	g24	rs231	0.0	231.0
4	715e3	0.0	g24	rs232	0.0	232.0
4	72e4	0.0	g24	rs233	0.0	233.0
4	725e3	0.0	g24	rs234	0.0	234.0
4	73e4	0.0	g24	rs235	0.0	235.0
4	735e3	0.0	g24	rs236	0.0	236.0
4	74e4	0.0	g24	rs237	0.0	237.0
4	745e3	0.0	g24	rs238	0.0	238.0
4	75e4	0.0	g24	rs239	0.0	239.0
4	755e3	0.0	g24	rs240	0.0	240.0
1	71e4	0.0	g25	rs241	0.0	241.0
1	715e3	0.0	g25	rs242	0.0	242.0
1	72e4	0.0	g25	rs243	0.0	243.0
1	725e3	0.0	g25	rs244	0.0	244.0
1	73e4	0.0	g25	rs245	0.0	245.0
1	735e3	0.0	g25	rs246	0.0	246.0
1	74e4	0.0	g25	rs247	0.0	247.0
1	745e3	0.0	g25	rs248	0.0	248.0
1	75e4	0.0	g25	rs249	0.0	249.0
1	755e3	0.0	g25	rs250	0.0	250.0
3	71e4	0.0	g26	rs251	0.0	251.0
3	715e3	0.0	g26	rs252	0.0	252.0
3	72e4	0.0	g26	rs253	0.0	253.0
3	725e3	0.0	g26	rs254	0.0	254.0
3	73e4	0.0	g26	rs255	0.0	255.0
3	735e3	0.0	g26	rs256	0.0	256.0
3	74e4	0.0	g26	rs257	0.0	257.0
3	745e3	0.0	g26	rs258	0.0	258.0
3	75e4	0.0	g26	rs259	0.0	259.0
3	755e3	0.0	g26	rs260	0.0	260.0
1	76e4	0.0	g27	rs261	0.0	261.0
1	765e3	0.0	g27	rs262	0.0	262.0
1	77e4	0.0	g27	rs263	0.0	263.0
1	775e3	0.0	g27	rs264	0.0	264.0
1	78e4	0.0	g27	rs265	0.0	265.0
1	785e3	0.0	g27	rs266	0.0	266.0
1	79e4	0.0	g27	rs267	0.0	267.0
1	795e3	0.0	g27	rs268	0.0	268.0
1	8e5	0.0	g27	rs269	0.0	269.0
1	805e3	0.0	g27	rs270	0.0	270.0
1	81e4	0.0	g28	rs271	0.0	271.0
1	815e3	0.0	g28	rs272	0.0	272.0
1	82e4	0.0	g28	rs273	0.0	273.0
1	825e3	0.0	g28	rs274	0.0	274.0
1	83e4	0.0	g28	rs275	0.0	275.0
1	835e3	0.0	g28	rs276	0.0	276.0
1	84e4	0.0	g28	rs277	0.0	277.0
1	845e3	0.0	g28	rs278	0.0	278.0
1	85e4	0.0	g28	rs279	0.0	279.0
1	855e3	0.0	g28	rs280	0.0	280.0
3	76e4	0.0	g29	rs281	0.0	281.0
3	765e3	0.0	g29	rs282	0.0	282.0
3	77e4	0.0	g29	rs283	0.0	283.0
3	775e3	0.0	g29	rs284	0.0	284.0
3	78e4	0.0	g29	rs285	0.0	285.0
3	785e3	0.0	g29	rs286	0.0	286.0
3	79e4	0.0	g29	rs287	0.0	287.0
3	795e3	0.0	g29	rs288	0.0	288.0
3	8e5	0.0	g29	rs289	0.0	289.0
3	805e3	0.0	g29	rs290	0.0	290.0
6	111e4	0.0	g30	rs291	0.0	291.0
6	1115e3	0.0	g30	rs292	0.0	292.0
6	112e4	0.0	g30	rs293	0.0	293.0
6	1125e3	0.0	g30	rs294	0.0	294.0
6	113e4	0.0	g30	rs295	0.0	295.0
6	1135e3	0.0	g30	rs296	0.0	296.0
6	114e4	0.0	g30	rs297	0.0	297.0
6	1145e3	0.0	g30	rs298	0.0	298.0
6	115e4	0.0	g30	rs299	0.0	299.0
6	1155e3	0.0	g30	rs300	0.0	300.0
4	76e4	0.0	g31	rs301	0.0	301.0
4	765e3	0.0	g31	rs302	0.0	302.0
4	77e4	0.0	g31	rs303	0.0	303.0
4	775e3	0.0	g31	rs304	0.0	304.0
4	78e4	0.0	g31	rs305	0.0	305.0
4	785e3	0.0	g31	rs306	0.0	306.0
4	79e4	0.0	g31	rs307	0.0	307.0
4	795e3	0.0	g31	rs308	0.0	308.0
4	8e5	0.0	g31	rs309	0.0	309.0
4	805e3	0.0	g31	rs310	0.0	310.0
2	71e4	0.0	g32	rs311	0.0	311.0
2	715e3	0.0	g32	rs312	0.0	312.0
2	72e4	0.0	g32	rs313	0.0	313.0
2	725e3	0.0	g32	rs314	0.0	314.0
2	73e4	0.0	g32	rs315	0.0	315.0
2	735e3	0.0	g32	rs316	0.0	316.0
2	74e4	0.0	g32	rs317	0.0	317.0
2	745e3	0.0	g32	rs318	0.0	318.0
2	75e4	0.0	g32	rs319	0.0	319.0
2	755e3	0.0	g32	rs320	0.0	320.0
3	86e4	0.0	g33	rs321	0.0	321.0
3	865e3	0.0	g33	rs322	0.0	322.0
3	87e4	0.0	g33	rs323	0.0	323.0
3	875e3	0.0	g33	rs324	0.0	324.0
3	88e4	0.0	g33	rs325	0.0	325.0
3	885e3	0.0	g33	rs326	0.0	326.0
3	89e4	0.0	g33	rs327	0.0	327.0
3	895e3	0.0	g33	rs328	0.0	328.0
3	9e5	0.0	g33	rs329	0.0	329.0
3	905e3	0.0	g33	rs330	0.0	330.0
1	86e4	0.0	g34	rs331	0.0	331.0
1	865e3	0.0	g34	rs332	0.0	332.0
1	87e4	0.0	g34	rs333	0.0	333.0
1	875e3	0.0	g34	rs334	0.0	334.0
1	88e4	0.0	g34	rs335	0.0	335.0
1	885e3	0.0	g34	rs336	0.0	336.0
1	89e4	0.0	g34	rs337	0.0	337.0
1	895e3	0.0	g34	rs338	0.0	338.0
1	9e5	0.0	g34	rs339	0.0	339.0
1	905e3	0.0	g34	rs340	0.0	340.0
3	91e4	0.0	g35	rs341	0.0	341.0
3	915e3	0.0	g35	rs342	0.0	342.0
3	92e4	0.0	g35	rs343	0.0	343.0
3	925e3	0.0	g35	rs344	0.0	344.0
3	93e4	0.0	g35	rs345	0.0	345.0
3	935e3	0.0	g35	rs346	0.0	346.0
3	94e4	0.0	g35	rs347	0.0	347.0
3	945e3	0.0	g35	rs348	0.0	348.0
3	95e4	0.0	g35	rs349	0.0	349.0
3	955e3	0.0	g35	rs350	0.0	350.0
2	76e4	0.0	g36	rs351	0.0	351.0
2	765e3	0.0	g36	rs352	0.0	352.0
2	77e4	0.0	g36	rs353	0.0	353.0
2	775e3	0.0	g36	rs354	0.0	354.0
2	78e4	0.0	g36	rs355	0.0	355.0
2	785e3	0.0	g36	rs356	0.0	356.0
2	79e4	0.0	g36	rs357	0.0	357.0
2	795e3	0.0	g36	rs358	0.0	358.0
2	8e5	0.0	g36	rs359	0.0	359.0
2	805e3	0.0	g36	rs360	0.0	360.0
4	81e4	0.0	g37	rs361	0.0	361.0
4	815e3	0.0	g37	rs362	0.0	362.0
4	82e4	0.0	g37	rs363	0.0	363.0
4	825e3	0.0	g37	rs364	0.0	364.0
4	83e4	0.0	g37	rs365	0.0	365.0
4	835e3	0.0	g37	rs366	0.0	366.0
4	84e4	0.0	g37	rs367	0.0	367.0
4	845e3	0.0	g37	rs368	0.0	368.0
4	85e4	0.0	g37	rs369	0.0	369.0
4	855e3	0.0	g37	rs370	0.0	370.0
1	91e4	0.0	g38	rs371	0.0	371.0
1	915e3	0.0	g38	rs372	0.0	372.0
1	92e4	0.0	g38	rs373	0.0	373.0
1	925e3	0.0	g38	rs374	0.0	374.0
1	93e4	0.0	g38	rs375	0.0	375.0
1	935e3	0.0	g38	rs376	0.0	376.0
1	94e4	0.0	g38	rs377	0.0	377.0
1	945e3	0.0	g38	rs378	0.0	378.0
1	95e4	0.0	g38	rs379	0.0	379.0
1	955e3	0.0	g38	rs380	0.0	380.0
3	96e4	0.0	g39	rs381	0.0	381.0
3	965e3	0.0	g39	rs382	0.0	382.0
3	97e4	0.0	g39	rs383	0.0	383.0
3	975e3	0.0	g39	rs384	0.0	384.0
3	98e4	0.0	g39	rs385	0.0	385.0
3	985e3	0.0	g39	rs386	0.0	386.0
3	99e4	0.0	g39	rs387	0.0	387.0
3	995e3	0.0	g39	rs388	0.0	388.0
3	1e6	0.0	g39	rs389	0.0	389.0
3	1005e3	0.0	g39	rs390	0.0	390.0
4	86e4	0.0	g40	rs391	0.0	391.0
4	865e3	0.0	g40	rs392	0.0	392.0
4	87e4	0.0	g40	rs393	0.0	393.0
4	875e3	0.0	g40	rs394	0.0	394.0
4	88e4	0.0	g40	rs395	0.0	395.0
4	885e3	0.0	g40	rs396	0.0	396.0
4	89e4	0.0	g40	rs397	0.0	397.0
4	895e3	0.0	g40	rs398	0.0	398.0
4	9e5	0.0	g40	rs399	0.0	399.0
4	905e3	0.0	g40	rs400	0.0	400.0
4	91e4	0.0	g41	rs401	0.0	401.0
4	915e3	0.0	g41	rs402	0.0	402.0
4	92e4	0.0	g41	rs403	0.0	403.0
4	925e3	0.0	g41	rs404	0.0	404.0
4	93e4	0.0	g41	rs405	0.0	405.0
4	935e3	0.0	g41	rs406	0.0	406.0
4	94e4	0.0	g41	rs407	0.0	407.0
4	945e3	0.0	g41	rs408	0.0	408.0
4	95e4	0.0	g41	rs409	0.0	409.0
4	955e3	0.0	g41	rs410	0.0	410.0
2	81e4	0.0	g42	rs411	0.0	411.0
2	815e3	0.0	g42	rs412	0.0	412.0
2	82e4	0.0	g42	rs413	0.0	413.0
2	825e3	0.0	g42	rs414	0.0	414.0
2	83e4	0.0	g42	rs415	0.0	415.0
2	835e3	0.0	g42	rs416	0.0	416.0
2	84e4	0.0	g42	rs417	0.0	417.0
2	845e3	0.0	g42	rs418	0.0	418.0
2	85e4	0.0	g42	rs419	0.0	419.0
2	855e3	0.0	g42	rs420	0.0	420.0
1	96e4	0.0	g43	rs421	0.0	421.0
1	965e3	0.0	g43	rs422	0.0	422.0
1	97e4	0.0	g43	rs423	0.0	423.0
1	975e3	0.0	g43	rs424	0.0	424.0
1	98e4	0.0	g43	rs425	0.0	425.0
1	985e3	0.0	g43	rs426	0.0	426.0
1	99e4	0.0	g43	rs427	0.0	427.0
1	995e3	0.0	g43	rs428	0.0	428.0
1	1e6	0.0	g43	rs429	0.0	429.0
1	1005e3	0.0	g43	rs430	0.0	430.0
4	96e4	0.0	g44	rs431	0.0	431.0
4	965e3	0.0	g44	rs432	0.0	432.0
4	97e4	0.0	g44	rs433	0.0	433.0
4	975e3	0.0	g44	rs434	0.0	434.0
4	98e4	0.0	g44	rs435	0.0	435.0
4	985e3	0.0	g44	rs436	0.0	436.0
4	99e4	0.0	g44	rs437	0.0	437.0
4	995e3	0.0	g44	rs438	0.0	438.0
4	1e6	0.0	g44	rs439	0.0	439.0
4	1005e3	0.0	g44	rs440	0.0	440.0
6	116e4	0.0	g45	rs441	0.0	441.0
6	1165e3	0.0	g45	rs442	0.0	442.0
6	117e4	0.0	g45	rs443	0.0	443.0
6	1175e3	0.0	g45	rs444	0.0	444.0
6	118e4	0.0	g45	rs445	0.0	445.0
6	1185e3	0.0	g45	rs446	0.0	446.0
6	119e4	0.0	g45	rs447	0.0	447.0
6	1195e3	0.0	g45	rs448	0.0	448.0
6	12e5	0.0	g45	rs449	0.0	449.0
6	1205e3	0.0	g45	rs450	0.0	450.0
1	101e4	0.0	g46	rs451	0.0	451.0
1	1015e3	0.0	g46	rs452	0.0	452.0
1	102e4	0.0	g46	rs453	0.0	453.0
1	1025e3	0.0	g46	rs454	0.0	454.0
1	103e4	0.0	g46	rs455	0.0	455.0
1	1035e3	0.0	g46	rs456	0.0	456.0
1	104e4	0.0	g46	rs457	0.0	457.0
1	1045e3	0.0	g46	rs458	0.0	458.0
1	105e4	0.0	g46	rs459	0.0	459.0
1	1055e3	0.0	g46	rs460	0.0	460.0
5	96e4	0.0	g47	rs461	0.0	461.0
5	965e3	0.0	g47	rs462	0.0	462.0
5	97e4	0.0	g47	rs463	0.0	463.0
5	975e3	0.0	g47	rs464	0.0	464.0
5	98e4	0.0	g47	rs465	0.0	465.0
5	985e3	0.0	g47	rs466	0.0	466.0
5	99e4	0.0	g47	rs467	0.0	467.0
5	995e3	0.0	g47	rs468	0.0	468.0
5	1e6	0.0	g47	rs469	0.0	469.0
5	1005e3	0.0	g47	rs470	0.0	470.0
3	106e4	0.0	g48	rs471	0.0	471.0
3	1065e3	0.0	g48	rs472	0.0	472.0
3	107e4	0.0	g48	rs473	0.0	473.0
3	1075e3	0.0	g48	rs474	0.0	474.0
3	108e4	0.0	g48	rs475	0.0	475.0
3	1085e3	0.0	g48	rs476	0.0	476.0
3	109e4	0.0	g48	rs477	0.0	477.0
3	1095e3	0.0	g48	rs478	0.0	478.0
3	11e5	0.0	g48	rs479	0.0	479.0
3	1105e3	0.0	g48	rs480	0.0	480.0
5	101e4	0.0	g49	rs481	0.0	481.0
5	1015e3	0.0	g49	rs482	0.0	482.0
5	102e4	0.0	g49	rs483	0.0	483.0
5	1025e3	0.0	g49	rs484	0.0	484.0
5	103e4	0.0	g49	rs485	0.0	485.0
5	1035e3	0.0	g49	rs486	0.0	486.0
5	104e4	0.0	g49	rs487	0.0	487.0
5	1045e3	0.0	g49	rs488	0.0	488.0
5	105e4	0.0	g49	rs489	0.0	489.0
5	1055e3	0.0	g49	rs490	0.0	490.0
4	101e4	0.0	g50	rs491	0.0	491.0
4	1015e3	0.0	g50	rs492	0.0	492.0
4	102e4	0.0	g50	rs493	0.0	493.0
4	1025e3	0.0	g50	rs494	0.0	494.0
4	103e4	0.0	g50	rs495	0.0	495.0
4	1035e3	0.0	g50	rs496	0.0	496.0
4	104e4	0.0	g50	rs497	0.0	497.0
4	1045e3	0.0	g50	rs498	0.0	498.0
4	105e4	0.0	g50	rs499	0.0	499.0
4	1055e3	0.0	g50	rs500	0.0	500.0
1	106e4	0.0	g51	rs501	0.0	501.0
1	1065e3	0.0	g51	rs502	0.0	502.0
1	107e4	0.0	g51	rs503	0.0	503.0
1	1075e3	0.0	g51	rs504	0.0	504.0
1	108e4	0.0	g51	rs505	0.0	505.0
1	1085e3	0.0	g51	rs506	0.0	506.0
1	109e4	0.0	g51	rs507	0.0	507.0
1	1095e3	0.0	g51	rs508	0.0	508.0
1	11e5	0.0	g51	rs509	0.0	509.0
1	1105e3	0.0	g51	rs510	0.0	510.0
3	111e4	0.0	g52	rs511	0.0	511.0
3	1115e3	0.0	g52	rs512	0.0	512.0
3	112e4	0.0	g52	rs513	0.0	513.0
3	1125e3	0.0	g52	rs514	0.0	514.0
3	113e4	0.0	g52	rs515	0.0	515.0
3	1135e3	0.0	g52	rs516	0.0	516.0
3	114e4	0.0	g52	rs517	0.0	517.0
3	1145e3	0.0	g52	rs518	0.0	518.0
3	115e4	0.0	g52	rs519	0.0	519.0
3	1155e3	0.0	g52	rs520	0.0	520.0
3	116e4	0.0	g53	rs521	0.0	521.0
3	1165e3	0.0	g53	rs522	0.0	522.0
3	117e4	0.0	g53	rs523	0.0	523.0
3	1175e3	0.0	g53	rs524	0.0	524.0
3	118e4	0.0	g53	rs525	0.0	525.0
3	1185e3	0.0	g53	rs526	0.0	526.0
3	119e4	0.0	g53	rs527	0.0	527.0
3	1195e3	0.0	g53	rs528	0.0	528.0
3	12e5	0.0	g53	rs529	0.0	529.0
3	1205e3	0.0	g53	rs530	0.0	530.0
2	86e4	0.0	g54	rs531	0.0	531.0
2	865e3	0.0	g54	rs532	0.0	532.0
2	87e4	0.0	g54	rs533	0.0	533.0
2	875e3	0.0	g54	rs534	0.0	534.0
2	88e4	0.0	g54	rs535	0.0	535.0
2	885e3	0.0	g54	rs536	0.0	536.0
2	89e4	0.0	g54	rs537	0.0	537.0
2	895e3	0.0	g54	rs538	0.0	538.0
2	9e5	0.0	g54	rs539	0.0	539.0
2	905e3	0.0	g54	rs540	0.0	540.0
4	106e4	0.0	g55	rs541	0.0	541.0
4	1065e3	0.0	g55	rs542	0.0	542.0
4	107e4	0.0	g55	rs543	0.0	543.0
4	1075e3	0.0	g55	rs544	0.0	544.0
4	108e4	0.0	g55	rs545	0.0	545.0
4	1085e3	0.0	g55	rs546	0.0	546.0
4	109e4	0.0	g55	rs547	0.0	547.0
4	1095e3	0.0	g55	rs548	0.0	548.0
4	11e5	0.0	g55	rs549	0.0	549.0
4	1105e3	0.0	g55	rs550	0.0	550.0
2	91e4	0.0	g56	rs551	0.0	551.0
2	915e3	0.0	g56	rs552	0.0	552.0
2	92e4	0.0	g56	rs553	0.0	553.0
2	925e3	0.0	g56	rs554	0.0	554.0
2	93e4	0.0	g56	rs555	0.0	555.0
2	935e3	0.0	g56	rs556	0.0	556.0
2	94e4	0.0	g56	rs557	0.0	557.0
2	945e3	0.0	g56	rs558	0.0	558.0
2	95e4	0.0	g56	rs559	0.0	559.0
2	955e3	0.0	g56	rs560	0.0	560.0
4	111e4	0.0	g57	rs561	0.0	561.0
4	1115e3	0.0	g57	rs562	0.0	562.0
4	112e4	0.0	g57	rs563	0.0	563.0
4	1125e3	0.0	g57	rs564	0.0	564.0
4	113e4	0.0	g57	rs565	0.0	565.0
4	1135e3	0.0	g57	rs566	0.0	566.0
4	114e4	0.0	g57	rs567	0.0	567.0
4	1145e3	0.0	g57	rs568	0.0	568.0
4	115e4	0.0	g57	rs569	0.0	569.0
4	1155e3	0.0	g57	rs570	0.0	570.0
2	96e4	0.0	g58	rs571	0.0	571.0
2	965e3	0.0	g58	rs572	0.0	572.0
2	97e4	0.0	g58	rs573	0.0	573.0
2	975e3	0.0	g58	rs574	0.0	574.0
2	98e4	0.0	g58	rs575	0.0	575.0
2	985e3	0.0	g58	rs576	0.0	576.0
2	99e4	0.0	g58	rs577	0.0	577.0
2	995e3	0.0	g58	rs578	0.0	578.0
2	1e6	0.0	g58	rs579	0.0	579.0
2	1005e3	0.0	g58	rs580	0.0	580.0
1	111e4	0.0	g59	rs581	0.0	581.0
1	1115e3	0.0	g59	rs582	0.0	582.0
1	112e4	0.0	g59	rs583	0.0	583.0
1	1125e3	0.0	g59	rs584	0.0	584.0
1	113e4	0.0	g59	rs585	0.0	585.0
1	1135e3	0.0	g59	rs586	0.0	586.0
1	114e4	0.0	g59	rs587	0.0	587.0
1	1145e3	0.0	g59	rs588	0.0	588.0
1	115e4	0.0	g59	rs589	0.0	589.0
1	1155e3	0.0	g59	rs590	0.0	590.0
2	101e4	0.0	g60	rs591	0.0	591.0
2	1015e3	0.0	g60	rs592	0.0	592.0
2	102e4	0.0	g60	rs593	0.0	593.0
2	1025e3	0.0	g60	rs594	0.0	594.0
2	103e4	0.0	g60	rs595	0.0	595.0
2	1035e3	0.0	g60	rs596	0.0	596.0
2	104e4	0.0	g60	rs597	0.0	597.0
2	1045e3	0.0	g60	rs598	0.0	598.0
2	105e4	0.0	g60	rs599	0.0	599.0
2	1055e3	0.0	g60	rs600	0.0	600.0
4	121e4	0.0	g61	rs601	0.0	601.0
4	1215e3	0.0	g61	rs602	0.0	602.0
4	122e4	0.0	g61	rs603	0.0	603.0
4	1225e3	0.0	g61	rs604	0.0	604.0
4	123e4	0.0	g61	rs605	0.0	605.0
4	1235e3	0.0	g61	rs606	0.0	606.0
4	124e4	0.0	g61	rs607	0.0	607.0
4	1245e3	0.0	g61	rs608	0.0	608.0
4	125e4	0.0	g61	rs609	0.0	609.0
4	1255e3	0.0	g61	rs610	0.0	610.0
2	106e4	0.0	g62	rs611	0.0	611.0
2	1065e3	0.0	g62	rs612	0.0	612.0
2	107e4	0.0	g62	rs613	0.0	613.0
2	1075e3	0.0	g62	rs614	0.0	614.0
2	108e4	0.0	g62	rs615	0.0	615.0
2	1085e3	0.0	g62	rs616	0.0	616.0
2	109e4	0.0	g62	rs617	0.0	617.0
2	1095e3	0.0	g62	rs618	0.0	618.0
2	11e5	0.0	g62	rs619	0.0	619.0
2	1105e3	0.0	g62	rs620	0.0	620.0
5	106e4	0.0	g63	rs621	0.0	621.0
5	1065e3	0.0	g63	rs622	0.0	622.0
5	107e4	0.0	g63	rs623	0.0	623.0
5	1075e3	0.0	g63	rs624	0.0	624.0
5	108e4	0.0	g63	rs625	0.0	625.0
5	1085e3	0.0	g63	rs626	0.0	626.0
5	109e4	0.0	g63	rs627	0.0	627.0
5	1095e3	0.0	g63	rs628	0.0	628.0
5	11e5	0.0	g63	rs629	0.0	629.0
5	1105e3	0.0	g63	rs630	0.0	630.0
4	126e4	0.0	g64	rs631	0.0	631.0
4	1265e3	0.0	g64	rs632	0.0	632.0
4	127e4	0.0	g64	rs633	0.0	633.0
4	1275e3	0.0	g64	rs634	0.0	634.0
4	128e4	0.0	g64	rs635	0.0	635.0
4	1285e3	0.0	g64	rs636	0.0	636.0
4	129e4	0.0	g64	rs637	0.0	637.0
4	1295e3	0.0	g64	rs638	0.0	638.0
4	13e5	0.0	g64	rs639	0.0	639.0
4	1305e3	0.0	g64	rs640	0.0	640.0
2	111e4	0.0	g65	rs641	0.0	641.0
2	1115e3	0.0	g65	rs642	0.0	642.0
2	112e4	0.0	g65	rs643	0.0	643.0
2	1125e3	0.0	g65	rs644	0.0	644.0
2	113e4	0.0	g65	rs645	0.0	645.0
2	1135e3	0.0	g65	rs646	0.0	646.0
2	114e4	0.0	g65	rs647	0.0	647.0
2	1145e3	0.0	g65	rs648	0.0	648.0
2	115e4	0.0	g65	rs649	0.0	649.0
2	1155e3	0.0	g65	rs650	0.0	650.0
3	121e4	0.0	g66	rs651	0.0	651.0
3	1215e3	0.0	g66	rs652	0.0	652.0
3	122e4	0.0	g66	rs653	0.0	653.0
3	1225e3	0.0	g66	rs654	0.0	654.0
3	123e4	0.0	g66	rs655	0.0	655.0
3	1235e3	0.0	g66	rs656	0.0	656.0
3	124e4	0.0	g66	rs657	0.0	657.0
3	1245e3	0.0	g66	rs658	0.0	658.0
3	125e4	0.0	g66	rs659	0.0	659.0
3	1255e3	0.0	g66	rs660	0.0	660.0
5	111e4	0.0	g67	rs661	0.0	661.0
5	1115e3	0.0	g67	rs662	0.0	662.0
5	112e4	0.0	g67	rs663	0.0	663.0
5	1125e3	0.0	g67	rs664	0.0	664.0
5	113e4	0.0	g67	rs665	0.0	665.0
5	1135e3	0.0	g67	rs666	0.0	666.0
5	114e4	0.0	g67	rs667	0.0	667.0
5	1145e3	0.0	g67	rs668	0.0	668.0
5	115e4	0.0	g67	rs669	0.0	669.0
5	1155e3	0.0	g67	rs670	0.0	670.0
2	116e4	0.0	g68	rs671	0.0	671.0
2	1165e3	0.0	g68	rs672	0.0	672.0
2	117e4	0.0	g68	rs673	0.0	673.0
2	1175e3	0.0	g68	rs674	0.0	674.0
2	118e4	0.0	g68	rs675	0.0	675.0
2	1185e3	0.0	g68	rs676	0.0	676.0
2	119e4	0.0	g68	rs677	0.0	677.0
2	1195e3	0.0	g68	rs678	0.0	678.0
2	12e5	0.0	g68	rs679	0.0	679.0
2	1205e3	0.0	g68	rs680	0.0	680.0
3	126e4	0.0	g69	rs681	0.0	681.0
3	1265e3	0.0	g69	rs682	0.0	682.0
3	127e4	0.0	g69	rs683	0.0	683.0
3	1275e3	0.0	g69	rs684	0.0	684.0
3	128e4	0.0	g69	rs685	0.0	685.0
3	1285e3	0.0	g69	rs686	0.0	686.0
3	129e4	0.0	g69	rs687	0.0	687.0
3	1295e3	0.0	g69	rs688	0.0	688.0
3	13e5	0.0	g69	rs689	0.0	689.0
3	1305e3	0.0	g69	rs690	0.0	690.0
5	116e4	0.0	g70	rs691	0.0	691.0
5	1165e3	0.0	g70	rs692	0.0	692.0
5	117e4	0.0	g70	rs693	0.0	693.0
5	1175e3	0.0	g70	rs694	0.0	694.0
5	118e4	0.0	g70	rs695	0.0	695.0
5	1185e3	0.0	g70	rs696	0.0	696.0
5	119e4	0.0	g70	rs697	0.0	697.0
5	1195e3	0.0	g70	rs698	0.0	698.0
5	12e5	0.0	g70	rs699	0.0	699.0
5	1205e3	0.0	g70	rs700	0.0	700.0
6	131e4	0.0	g71	rs701	0.0	701.0
6	1315e3	0.0	g71	rs702	0.0	702.0
6	132e4	0.0	g71	rs703	0.0	703.0
6	1325e3	0.0	g71	rs704	0.0	704.0
6	133e4	0.0	g71	rs705	0.0	705.0
6	1335e3	0.0	g71	rs706	0.0	706.0
6	134e4	0.0	g71	rs707	0.0	707.0
6	1345e3	0.0	g71	rs708	0.0	708.0
6	135e4	0.0	g71	rs709	0.0	709.0
6	1355e3	0.0	g71	rs710	0.0	710.0
6	136e4	0.0	g72	rs711	0.0	711.0
6	1365e3	0.0	g72	rs712	0.0	712.0
6	137e4	0.0	g72	rs713	0.0	713.0
6	1375e3	0.0	g72	rs714	0.0	714.0
6	138e4	0.0	g72	rs715	0.0	715.0
6	1385e3	0.0	g72	rs716	0.0	716.0
6	139e4	0.0	g72	rs717	0.0	717.0
6	1395e3	0.0	g72	rs718	0.0	718.0
6	14e5	0.0	g72	rs719	0.0	719.0
6	1405e3	0.0	g72	rs720	0.0	720.0
4	131e4	0.0	g73	rs721	0.0	721.0
4	1315e3	0.0	g73	rs722	0.0	722.0
4	132e4	0.0	g73	rs723	0.0	723.0
4	1325e3	0.0	g73	rs724	0.0	724.0
4	133e4	0.0	g73	rs725	0.0	725.0
4	1335e3	0.0	g73	rs726	0.0	726.0
4	134e4	0.0	g73	rs727	0.0	727.0
4	1345e3	0.0	g73	rs728	0.0	728.0
4	135e4	0.0	g73	rs729	0.0	729.0
4	1355e3	0.0	g73	rs730	0.0	730.0
5	121e4	0.0	g74	rs731	0.0	731.0
5	1215e3	0.0	g74	rs732	0.0	732.0
5	122e4	0.0	g74	rs733	0.0	733.0
5	1225e3	0.0	g74	rs734	0.0	734.0
5	123e4	0.0	g74	rs735	0.0	735.0
5	1235e3	0.0	g74	rs736	0.0	736.0
5	124e4	0.0	g74	rs737	0.0	737.0
5	1245e3	0.0	g74	rs738	0.0	738.0
5	125e4	0.0	g74	rs739	0.0	739.0
5	1255e3	0.0	g74	rs740	0.0	740.0
6	141e4	0.0	g75	rs741	0.0	741.0
6	1415e3	0.0	g75	rs742	0.0	742.0
6	142e4	0.0	g75	rs743	0.0	743.0
6	1425e3	0.0	g75	rs744	0.0	744.0
6	143e4	0.0	g75	rs745	0.0	745.0
6	1435e3	0.0	g75	rs746	0.0	746.0
6	144e4	0.0	g75	rs747	0.0	747.0
6	1445e3	0.0	g75	rs748	0.0	748.0
6	145e4	0.0	g75	rs749	0.0	749.0
6	1455e3	0.0	g75	rs750	0.0	750.0
4	136e4	0.0	g76	rs751	0.0	751.0
4	1365e3	0.0	g76	rs752	0.0	752.0
4	137e4	0.0	g76	rs753	0.0	753.0
4	1375e3	0.0	g76	rs754	0.0	754.0
4	138e4	0.0	g76	rs755	0.0	755.0
4	1385e3	0.0	g76	rs756	0.0	756.0
4	139e4	0.0	g76	rs757	0.0	757.0
4	1395e3	0.0	g76	rs758	0.0	758.0
4	14e5	0.0	g76	rs759	0.0	759.0
4	1405e3	0.0	g76	rs760	0.0	760.0
1	116e4	0.0	g77	rs761	0.0	761.0
1	1165e3	0.0	g77	rs762	0.0	762.0
1	117e4	0.0	g77	rs763	0.0	763.0
1	1175e3	0.0	g77	rs764	0.0	764.0
1	118e4	0.0	g77	rs765	0.0	765.0
1	1185e3	0.0	g77	rs766	0.0	766.0
1	119e4	0.0	g77	rs767	0.0	767.0
1	1195e3	0.0	g77	rs768	0.0	768.0
1	12e5	0.0	g77	rs769	0.0	769.0
1	1205e3	0.0	g77	rs770	0.0	770.0
2	121e4	0.0	g78	rs771	0.0	771.0
2	1215e3	0.0	g78	rs772	0.0	772.0
2	122e4	0.0	g78	rs773	0.0	773.0
2	1225e3	0.0	g78	rs774	0.0	774.0
2	123e4	0.0	g78	rs775	0.0	775.0
2	1235e3	0.0	g78	rs776	0.0	776.0
2	124e4	0.0	g78	rs777	0.0	777.0
2	1245e3	0.0	g78	rs778	0.0	778.0
2	125e4	0.0	g78	rs779	0.0	779.0
2	1255e3	0.0	g78	rs780	0.0	780.0
4	141e4	0.0	g79	rs781	0.0	781.0
4	1415e3	0.0	g79	rs782	0.0	782.0
4	142e4	0.0	g79	rs783	0.0	783.0
4	1425e3	0.0	g79	rs784	0.0	784.0
4	143e4	0.0	g79	rs785	0.0	785.0
4	1435e3	0.0	g79	rs786	0.0	786.0
4	144e4	0.0	g79	rs787	0.0	787.0
4	1445e3	0.0	g79	rs788	0.0	788.0
4	145e4	0.0	g79	rs789	0.0	789.0
4	1455e3	0.0	g79	rs790	0.0	790.0
5	126e4	0.0	g80	rs791	0.0	791.0
5	1265e3	0.0	g80	rs792	0.0	792.0
5	127e4	0.0	g80	rs793	0.0	793.0
5	1275e3	0.0	g80	rs794	0.0	794.0
5	128e4	0.0	g80	rs795	0.0	795.0
5	1285e3	0.0	g80	rs796	0.0	796.0
5	129e4	0.0	g80	rs797	0.0	797.0
5	1295e3	0.0	g80	rs798	0.0	798.0
5	13e5	0.0	g80	rs799	0.0	799.0
5	1305e3	0.0	g80	rs800	0.0	800.0
5	131e4	0.0	g81	rs801	0.0	801.0
5	1315e3	0.0	g81	rs802	0.0	802.0
5	132e4	0.0	g81	rs803	0.0	803.0
5	1325e3	0.0	g81	rs804	0.0	804.0
5	133e4	0.0	g81	rs805	0.0	805.0
5	1335e3	0.0	g81	rs806	0.0	806.0
5	134e4	0.0	g81	rs807	0.0	807.0
5	1345e3	0.0	g81	rs808	0.0	808.0
5	135e4	0.0	g81	rs809	0.0	809.0
5	1355e3	0.0	g81	rs810	0.0	810.0
3	131e4	0.0	g82	rs811	0.0	811.0
3	1315e3	0.0	g82	rs812	0.0	812.0
3	132e4	0.0	g82	rs813	0.0	813.0
3	1325e3	0.0	g82	rs814	0.0	814.0
3	133e4	0.0	g82	rs815	0.0	815.0
3	1335e3	0.0	g82	rs816	0.0	816.0
3	134e4	0.0	g82	rs817	0.0	817.0
3	1345e3	0.0	g82	rs818	0.0	818.0
3	135e4	0.0	g82	rs819	0.0	819.0
3	1355e3	0.0	g82	rs820	0.0	820.0
3	136e4	0.0	g83	rs821	0.0	821.0
3	1365e3	0.0	g83	rs822	0.0	822.0
3	137e4	0.0	g83	rs823	0.0	823.0
3	1375e3	0.0	g83	rs824	0.0	824.0
3	138e4	0.0	g83	rs825	0.0	825.0
3	1385e3	0.0	g83	rs826	0.0	826.0
3	139e4	0.0	g83	rs827	0.0	827.0
3	1395e3	0.0	g83	rs828	0.0	828.0
3	14e5	0.0	g83	rs829	0.0	829.0
3	1405e3	0.0	g83	rs830	0.0	830.0
5	136e4	0.0	g84	rs831	0.0	831.0
5	1365e3	0.0	g84	rs832	0.0	832.0
5	137e4	0.0	g84	rs833	0.0	833.0
5	1375e3	0.0	g84	rs834	0.0	834.0
5	138e4	0.0	g84	rs835	0.0	835.0
5	1385e3	0.0	g84	rs836	0.0	836.0
5	139e4	0.0	g84	rs837	0.0	837.0
5	1395e3	0.0	g84	rs838	0.0	838.0
5	14e5	0.0	g84	rs839	0.0	839.0
5	1405e3	0.0	g84	rs840	0.0	840.0
3	141e4	0.0	g85	rs841	0.0	841.0
3	1415e3	0.0	g85	rs842	0.0	842.0
3	142e4	0.0	g85	rs843	0.0	843.0
3	1425e3	0.0	g85	rs844	0.0	844.0
3	143e4	0.0	g85	rs845	0.0	845.0
3	1435e3	0.0	g85	rs846	0.0	846.0
3	144e4	0.0	g85	rs847	0.0	847.0
3	1445e3	0.0	g85	rs848	0.0	848.0
3	145e4	0.0	g85	rs849	0.0	849.0
3	1455e3	0.0	g85	rs850	0.0	850.0
1	121e4	0.0	g86	rs851	0.0	851.0
1	1215e3	0.0	g86	rs852	0.0	852.0
1	122e4	0.0	g86	rs853	0.0	853.0
1	1225e3	0.0	g86	rs854	0.0	854.0
1	123e4	0.0	g86	rs855	0.0	855.0
1	1235e3	0.0	g86	rs856	0.0	856.0
1	124e4	0.0	g86	rs857	0.0	857.0
1	1245e3	0.0	g86	rs858	0.0	858.0
1	125e4	0.0	g86	rs859	0.0	859.0
1	1255e3	0.0	g86	rs860	0.0	860.0
5	141e4	0.0	g87	rs861	0.0	861.0
5	1415e3	0.0	g87	rs862	0.0	862.0
5	142e4	0.0	g87	rs863	0.0	863.0
5	1425e3	0.0	g87	rs864	0.0	864.0
5	143e4	0.0	g87	rs865	0.0	865.0
5	1435e3	0.0	g87	rs866	0.0	866.0
5	144e4	0.0	g87	rs867	0.0	867.0
5	1445e3	0.0	g87	rs868	0.0	868.0
5	145e4	0.0	g87	rs869	0.0	869.0
5	1455e3	0.0	g87	rs870	0.0	870.0
6	151e4	0.0	g88	rs871	0.0	871.0
6	1515e3	0.0	g88	rs872	0.0	872.0
6	152e4	0.0	g88	rs873	0.0	873.0
6	1525e3	0.0	g88	rs874	0.0	874.0
6	153e4	0.0	g88	rs875	0.0	875.0
6	1535e3	0.0	g88	rs876	0.0	876.0
6	154e4	0.0	g88	rs877	0.0	877.0
6	1545e3	0.0	g88	rs878	0.0	878.0
6	155e4	0.0	g88	rs879	0.0	879.0
6	1555e3	0.0	g88	rs880	0.0	880.0
5	146e4	0.0	g89	rs881	0.0	881.0
5	1465e3	0.0	g89	rs882	0.0	882.0
5	147e4	0.0	g89	rs883	0.0	883.0
5	1475e3	0.0	g89	rs884	0.0	884.0
5	148e4	0.0	g89	rs885	0.0	885.0
5	1485e3	0.0	g89	rs886	0.0	886.0
5	149e4	0.0	g89	rs887	0.0	887.0
5	1495e3	0.0	g89	rs888	0.0	888.0
5	15e5	0.0	g89	rs889	0.0	889.0
5	1505e3	0.0	g89	rs890	0.0	890.0
3	146e4	0.0	g90	rs891	0.0	891.0
3	1465e3	0.0	g90	rs892	0.0	892.0
3	147e4	0.0	g90	rs893	0.0	893.0
3	1475e3	0.0	g90	rs894	0.0	894.0
3	148e4	0.0	g90	rs895	0.0	895.0
3	1485e3	0.0	g90	rs896	0.0	896.0
3	149e4	0.0	g90	rs897	0.0	897.0
3	1495e3	0.0	g90	rs898	0.0	898.0
3	15e5	0.0	g90	rs899	0.0	899.0
3	1505e3	0.0	g90	rs900	0.0	900.0
3	151e4	0.0	g91	rs901	0.0	901.0
3	1515e3	0.0	g91	rs902	0.0	902.0
3	152e4	0.0	g91	rs903	0.0	903.0
3	1525e3	0.0	g91	rs904	0.0	904.0
3	153e4	0.0	g91	rs905	0.0	905.0
3	1535e3	0.0	g91	rs906	0.0	906.0
3	154e4	0.0	g91	rs907	0.0	907.0
3	1545e3	0.0	g91	rs908	0.0	908.0
3	155e4	0.0	g91	rs909	0.0	909.0
3	1555e3	0.0	g91	rs910	0.0	910.0
6	156e4	0.0	g92	rs911	0.0	911.0
6	1565e3	0.0	g92	rs912	0.0	912.0
6	157e4	0.0	g92	rs913	0.0	913.0
6	1575e3	0.0	g92	rs914	0.0	914.0
6	158e4	0.0	g92	rs915	0.0	915.0
6	1585e3	0.0	g92	rs916	0.0	916.0
6	159e4	0.0	g92	rs917	0.0	917.0
6	1595e3	0.0	g92	rs918	0.0	918.0
6	16e5	0.0	g92	rs919	0.0	919.0
6	1605e3	0.0	g92	rs920	0.0	920.0
3	156e4	0.0	g93	rs921	0.0	921.0
3	1565e3	0.0	g93	rs922	0.0	922.0
3	157e4	0.0	g93	rs923	0.0	923.0
3	1575e3	0.0	g93	rs924	0.0	924.0
3	158e4	0.0	g93	rs925	0.0	925.0
3	1585e3	0.0	g93	rs926	0.0	926.0
3	159e4	0.0	g93	rs927	0.0	927.0
3	1595e3	0.0	g93	rs928	0.0	928.0
3	16e5	0.0	g93	rs929	0.0	929.0
3	1605e3	0.0	g93	rs930	0.0	930.0
6	161e4	0.0	g94	rs931	0.0	931.0
6	1615e3	0.0	g94	rs932	0.0	932.0
6	162e4	0.0	g94	rs933	0.0	933.0
6	1625e3	0.0	g94	rs934	0.0	934.0
6	163e4	0.0	g94	rs935	0.0	935.0
6	1635e3	0.0	g94	rs936	0.0	936.0
6	164e4	0.0	g94	rs937	0.0	937.0
6	1645e3	0.0	g94	rs938	0.0	938.0
6	165e4	0.0	g94	rs939	0.0	939.0
6	1655e3	0.0	g94	rs940	0.0	940.0
3	161e4	0.0	g95	rs941	0.0	941.0
3	1615e3	0.0	g95	rs942	0.0	942.0
3	162e4	0.0	g95	rs943	0.0	943.0
3	1625e3	0.0	g95	rs944	0.0	944.0
3	163e4	0.0	g95	rs945	0.0	945.0
3	1635e3	0.0	g95	rs946	0.0	946.0
3	164e4	0.0	g95	rs947	0.0	947.0
3	1645e3	0.0	g95	rs948	0.0	948.0
3	165e4	0.0	g95	rs949	0.0	949.0
3	1655e3	0.0	g95	rs950	0.0	950.0
6	166e4	0.0	g96	rs951	0.0	951.0
6	1665e3	0.0	g96	rs952	0.0	952.0
6	167e4	0.0	g96	rs953	0.0	953.0
6	1675e3	0.0	g96	rs954	0.0	954.0
6	168e4	0.0	g96	rs955	0.0	955.0
6	1685e3	0.0	g96	rs956	0.0	956.0
6	169e4	0.0	g96	rs957	0.0	957.0
6	1695e3	0.0	g96	rs958	0.0	958.0
6	17e5	0.0	g96	rs959	0.0	959.0
6	1705e3	0.0	g96	rs960	0.0	960.0
5	151e4	0.0	g97	rs961	0.0	961.0
5	1515e3	0.0	g97	rs962	0.0	962.0
5	152e4	0.0	g97	rs963	0.0	963.0
5	1525e3	0.0	g97	rs964	0.0	964.0
5	153e4	0.0	g97	rs965	0.0	965.0
5	1535e3	0.0	g97	rs966	0.0	966.0
5	154e4	0.0	g97	rs967	0.0	967.0
5	1545e3	0.0	g97	rs968	0.0	968.0
5	155e4	0.0	g97	rs969	0.0	969.0
5	1555e3	0.0	g97	rs970	0.0	970.0
5	156e4	0.0	g98	rs971	0.0	971.0
5	1565e3	0.0	g98	rs972	0.0	972.0
5	157e4	0.0	g98	rs973	0.0	973.0
5	1575e3	0.0	g98	rs974	0.0	974.0
5	158e4	0.0	g98	rs975	0.0	975.0
5	1585e3	0.0	g98	rs976	0.0	976.0
5	159e4	0.0	g98	rs977	0.0	977.0
5	1595e3	0.0	g98	rs978	0.0	978.0
5	16e5	0.0	g98	rs979	0.0	979.0
5	1605e3	0.0	g98	rs980	0.0	980.0
6	171e4	0.0	g99	rs981	0.0	981.0
6	1715e3	0.0	g99	rs982	0.0	982.0
6	172e4	0.0	g99	rs983	0.0	983.0
6	1725e3	0.0	g99	rs984	0.0	984.0
6	173e4	0.0	g99	rs985	0.0	985.0
6	1735e3	0.0	g99	rs986	0.0	986.0
6	174e4	0.0	g99	rs987	0.0	987.0
6	1745e3	0.0	g99	rs988	0.0	988.0
6	175e4	0.0	g99	rs989	0.0	989.0
6	1755e3	0.0	g99	rs990	0.0	990.0
5	1e4	0.0	g100	rs991	0.0	991.0
5	15e3	0.0	g100	rs992	0.0	992.0
5	2e4	0.0	g100	rs993	0.0	993.0
5	25e3	0.0	g100	rs994	0.0	994.0
5	3e4	0.0	g100	rs995	0.0	995.0
5	35e3	0.0	g100	rs996	0.0	996.0
5	4e4	0.0	g100	rs997	0.0	997.0
5	45e3	0.0	g100	rs998	0.0	998.0
5	5e4	0.0	g100	rs999	0.0	999.0
5	55e3	0.0	g100	rs1000	0.0	1e3
5	6e4	0.0	g101	rs1001	0.0	1001.0
5	65e3	0.0	g101	rs1002	0.0	1002.0
5	7e4	0.0	g101	rs1003	0.0	1003.0
5	75e3	0.0	g101	rs1004	0.0	1004.0
5	8e4	0.0	g101	rs1005	0.0	1005.0
5	85e3	0.0	g101	rs1006	0.0	1006.0
5	9e4	0.0	g101	rs1007	0.0	1007.0
5	95e3	0.0	g101	rs1008	0.0	1008.0
5	1e5	0.0	g101	rs1009	0.0	1009.0
5	105e3	0.0	g101	rs1010	0.0	1010.0
2	1e4	0.0	g102	rs1011	0.0	1011.0
2	15e3	0.0	g102	rs1012	0.0	1012.0
2	2e4	0.0	g102	rs1013	0.0	1013.0
2	25e3	0.0	g102	rs1014	0.0	1014.0
2	3e4	0.0	g102	rs1015	0.0	1015.0
2	35e3	0.0	g102	rs1016	0.0	1016.0
2	4e4	0.0	g102	rs1017	0.0	1017.0
2	45e3	0.0	g102	rs1018	0.0	1018.0
2	5e4	0.0	g102	rs1019	0.0	1019.0
2	55e3	0.0	g102	rs1020	0.0	1020.0
4	1e4	0.0	g103	rs1021	0.0	1021.0
4	15e3	0.0	g103	rs1022	0.0	1022.0
4	2e4	0.0	g103	rs1023	0.0	1023.0
4	25e3	0.0	g103	rs1024	0.0	1024.0
4	3e4	0.0	g103	rs1025	0.0	1025.0
4	35e3	0.0	g103	rs1026	0.0	1026.0
4	4e4	0.0	g103	rs1027	0.0	1027.0
4	45e3	0.0	g103	rs1028	0.0	1028.0
4	5e4	0.0	g103	rs1029	0.0	1029.0
4	55e3	0.0	g103	rs1030	0.0	1030.0
2	6e4	0.0	g104	rs1031	0.0	1031.0
2	65e3	0.0	g104	rs1032	0.0	1032.0
2	7e4	0.0	g104	rs1033	0.0	1033.0
2	75e3	0.0	g104	rs1034	0.0	1034.0
2	8e4	0.0	g104	rs1035	0.0	1035.0
2	85e3	0.0	g104	rs1036	0.0	1036.0
2	9e4	0.0	g104	rs1037	0.0	1037.0
2	95e3	0.0	g104	rs1038	0.0	1038.0
2	1e5	0.0	g104	rs1039	0.0	1039.0
2	105e3	0.0	g104	rs1040	0.0	1040.0
2	11e4	0.0	g105	rs1041	0.0	1041.0
2	115e3	0.0	g105	rs1042	0.0	1042.0
2	12e4	0.0	g105	rs1043	0.0	1043.0
2	125e3	0.0	g105	rs1044	0.0	1044.0
2	13e4	0.0	g105	rs1045	0.0	1045.0
2	135e3	0.0	g105	rs1046	0.0	1046.0
2	14e4	0.0	g105	rs1047	0.0	1047.0
2	145e3	0.0	g105	rs1048	0.0	1048.0
2	15e4	0.0	g105	rs1049	0.0	1049.0
2	155e3	0.0	g105	rs1050	0.0	1050.0
4	6e4	0.0	g106	rs1051	0.0	1051.0
4	65e3	0.0	g106	rs1052	0.0	1052.0
4	7e4	0.0	g106	rs1053	0.0	1053.0
4	75e3	0.0	g106	rs1054	0.0	1054.0
4	8e4	0.0	g106	rs1055	0.0	1055.0
4	85e3	0.0	g106	rs1056	0.0	1056.0
4	9e4	0.0	g106	rs1057	0.0	1057.0
4	95e3	0.0	g106	rs1058	0.0	1058.0
4	1e5	0.0	g106	rs1059	0.0	1059.0
4	105e3	0.0	g106	rs1060	0.0	1060.0
3	1e4	0.0	g107	rs1061	0.0	1061.0
3	15e3	0.0	g107	rs1062	0.0	1062.0
3	2e4	0.0	g107	rs1063	0.0	1063.0
3	25e3	0.0	g107	rs1064	0.0	1064.0
3	3e4	0.0	g107	rs1065	0.0	1065.0
3	35e3	0.0	g107	rs1066	0.0	1066.0
3	4e4	0.0	g107	rs1067	0.0	1067.0
3	45e3	0.0	g107	rs1068	0.0	1068.0
3	5e4	0.0	g107	rs1069	0.0	1069.0
3	55e3	0.0	g107	rs1070	0.0	1070.0
6	11e4	0.0	g108	rs1071	0.0	1071.0
6	115e3	0.0	g108	rs1072	0.0	1072.0
6	12e4	0.0	g108	rs1073	0.0	1073.0
6	125e3	0.0	g108	rs1074	0.0	1074.0
6	13e4	0.0	g108	rs1075	0.0	1075.0
6	135e3	0.0	g108	rs1076	0.0	1076.0
6	14e4	0.0	g108	rs1077	0.0	1077.0
6	145e3	0.0	g108	rs1078	0.0	1078.0
6	15e4	0.0	g108	rs1079	0.0	1079.0
6	155e3	0.0	g108	rs1080	0.0	1080.0
2	16e4	0.0	g109	rs1081	0.0	1081.0
2	165e3	0.0	g109	rs1082	0.0	1082.0
2	17e4	0.0	g109	rs1083	0.0	1083.0
2	175e3	0.0	g109	rs1084	0.0	1084.0
2	18e4	0.0	g109	rs1085	0.0	1085.0
2	185e3	0.0	g109	rs1086	0.0	1086.0
2	19e4	0.0	g109	rs1087	0.0	1087.0
2	195e3	0.0	g109	rs1088	0.0	1088.0
2	2e5	0.0	g109	rs1089	0.0	1089.0
2	205e3	0.0	g109	rs1090	0.0	1090.0
3	6e4	0.0	g110	rs1091	0.0	1091.0
3	65e3	0.0	g110	rs1092	0.0	1092.0
3	7e4	0.0	g110	rs1093	0.0	1093.0
3	75e3	0.0	g110	rs1094	0.0	1094.0
3	8e4	0.0	g110	rs1095	0.0	1095.0
3	85e3	0.0	g110	rs1096	0.0	1096.0
3	9e4	0.0	g110	rs1097	0.0	1097.0
3	95e3	0.0	g110	rs1098	0.0	1098.0
3	1e5	0.0	g110	rs1099	0.0	1099.0
3	105e3	0.0	g110	rs1100	0.0	1100.0
1	1e4	0.0	g111	rs1101	0.0	1101.0
1	15e3	0.0	g111	rs1102	0.0	1102.0
1	2e4	0.0	g111	rs1103	0.0	1103.0
1	25e3	0.0	g111	rs1104	0.0	1104.0
1	3e4	0.0	g111	rs1105	0.0	1105.0
1	35e3	0.0	g111	rs1106	0.0	1106.0
1	4e4	0.0	g111	rs1107	0.0	1107.0
1	45e3	0.0	g111	rs1108	0.0	1108.0
1	5e4	0.0	g111	rs1109	0.0	1109.0
1	55e3	0.0	g111	rs1110	0.0	1110.0
5	11e4	0.0	g112	rs1111	0.0	1111.0
5	115e3	0.0	g112	rs1112	0.0	1112.0
5	12e4	0.0	g112	rs1113	0.0	1113.0
5	125e3	0.0	g112	rs1114	0.0	1114.0
5	13e4	0.0	g112	rs1115	0.0	1115.0
5	135e3	0.0	g112	rs1116	0.0	1116.0
5	14e4	0.0	g112	rs1117	0.0	1117.0
5	145e3	0.0	g112	rs1118	0.0	1118.0
5	15e4	0.0	g112	rs1119	0.0	1119.0
5	155e3	0.0	g112	rs1120	0.0	1120.0
2	26e4	0.0	g113	rs1121	0.0	1121.0
2	265e3	0.0	g113	rs1122	0.0	1122.0
2	27e4	0.0	g113	rs1123	0.0	1123.0
2	275e3	0.0	g113	rs1124	0.0	1124.0
2	28e4	0.0	g113	rs1125	0.0	1125.0
2	285e3	0.0	g113	rs1126	0.0	1126.0
2	29e4	0.0	g113	rs1127	0.0	1127.0
2	295e3	0.0	g113	rs1128	0.0	1128.0
2	3e5	0.0	g113	rs1129	0.0	1129.0
2	305e3	0.0	g113	rs1130	0.0	1130.0
5	16e4	0.0	g114	rs1131	0.0	1131.0
5	165e3	0.0	g114	rs1132	0.0	1132.0
5	17e4	0.0	g114	rs1133	0.0	1133.0
5	175e3	0.0	g114	rs1134	0.0	1134.0
5	18e4	0.0	g114	rs1135	0.0	1135.0
5	185e3	0.0	g114	rs1136	0.0	1136.0
5	19e4	0.0	g114	rs1137	0.0	1137.0
5	195e3	0.0	g114	rs1138	0.0	1138.0
5	2e5	0.0	g114	rs1139	0.0	1139.0
5	205e3	0.0	g114	rs1140	0.0	1140.0
6	16e4	0.0	g115	rs1141	0.0	1141.0
6	165e3	0.0	g115	rs1142	0.0	1142.0
6	17e4	0.0	g115	rs1143	0.0	1143.0
6	175e3	0.0	g115	rs1144	0.0	1144.0
6	18e4	0.0	g115	rs1145	0.0	1145.0
6	185e3	0.0	g115	rs1146	0.0	1146.0
6	19e4	0.0	g115	rs1147	0.0	1147.0
6	195e3	0.0	g115	rs1148	0.0	1148.0
6	2e5	0.0	g115	rs1149	0.0	1149.0
6	205e3	0.0	g115	rs1150	0.0	1150.0
6	21e4	0.0	g116	rs1151	0.0	1151.0
6	215e3	0.0	g116	rs1152	0.0	1152.0
6	22e4	0.0	g116	rs1153	0.0	1153.0
6	225e3	0.0	g116	rs1154	0.0	1154.0
6	23e4	0.0	g116	rs1155	0.0	1155.0
6	235e3	0.0	g116	rs1156	0.0	1156.0
6	24e4	0.0	g116	rs1157	0.0	1157.0
6	245e3	0.0	g116	rs1158	0.0	1158.0
6	25e4	0.0	g116	rs1159	0.0	1159.0
6	255e3	0.0	g116	rs1160	0.0	1160.0
6	26e4	0.0	g117	rs1161	0.0	1161.0
6	265e3	0.0	g117	rs1162	0.0	1162.0
6	27e4	0.0	g117	rs1163	0.0	1163.0
6	275e3	0.0	g117	rs1164	0.0	1164.0
6	28e4	0.0	g117	rs1165	0.0	1165.0
6	285e3	0.0	g117	rs1166	0.0	1166.0
6	29e4	0.0	g117	rs1167	0.0	1167.0
6	295e3	0.0	g117	rs1168	0.0	1168.0
6	3e5	0.0	g117	rs1169	0.0	1169.0
6	305e3	0.0	g117	rs1170	0.0	1170.0
1	6e4	0.0	g118	rs1171	0.0	1171.0
1	65e3	0.0	g118	rs1172	0.0	1172.0
1	7e4	0.0	g118	rs1173	0.0	1173.0
1	75e3	0.0	g118	rs1174	0.0	1174.0
1	8e4	0.0	g118	rs1175	0.0	1175.0
1	85e3	0.0	g118	rs1176	0.0	1176.0
1	9e4	0.0	g118	rs1177	0.0	1177.0
1	95e3	0.0	g118	rs1178	0.0	1178.0
1	1e5	0.0	g118	rs1179	0.0	1179.0
1	105e3	0.0	g118	rs1180	0.0	1180.0
6	31e4	0.0	g119	rs1181	0.0	1181.0
6	315e3	0.0	g119	rs1182	0.0	1182.0
6	32e4	0.0	g119	rs1183	0.0	1183.0
6	325e3	0.0	g119	rs1184	0.0	1184.0
6	33e4	0.0	g119	rs1185	0.0	1185.0
6	335e3	0.0	g119	rs1186	0.0	1186.0
6	34e4	0.0	g119	rs1187	0.0	1187.0
6	345e3	0.0	g119	rs1188	0.0	1188.0
6	35e4	0.0	g119	rs1189	0.0	1189.0
6	355e3	0.0	g119	rs1190	0.0	1190.0
4	11e4	0.0	g120	rs1191	0.0	1191.0
4	115e3	0.0	g120	rs1192	0.0	1192.0
4	12e4	0.0	g120	rs1193	0.0	1193.0
4	125e3	0.0	g120	rs1194	0.0	1194.0
4	13e4	0.0	g120	rs1195	0.0	1195.0
4	135e3	0.0	g120	rs1196	0.0	1196.0
4	14e4	0.0	g120	rs1197	0.0	1197.0
4	145e3	0.0	g120	rs1198	0.0	1198.0
4	15e4	0.0	g120	rs1199	0.0	1199.0
4	155e3	0.0	g120	rs1200	0.0	1200.0
3	11e4	0.0	g121	rs1201	0.0	1201.0
3	115e3	0.0	g121	rs1202	0.0	1202.0
3	12e4	0.0	g121	rs1203	0.0	1203.0
3	125e3	0.0	g121	rs1204	0.0	1204.0
3	13e4	0.0	g121	rs1205	0.0	1205.0
3	135e3	0.0	g121	rs1206	0.0	1206.0
3	14e4	0.0	g121	rs1207	0.0	1207.0
3	145e3	0.0	g121	rs1208	0.0	1208.0
3	15e4	0.0	g121	rs1209	0.0	1209.0
3	155e3	0.0	g121	rs1210	0.0	1210.0
6	41e4	0.0	g122	rs1211	0.0	1211.0
6	415e3	0.0	g122	rs1212	0.0	1212.0
6	42e4	0.0	g122	rs1213	0.0	1213.0
6	425e3	0.0	g122	rs1214	0.0	1214.0
6	43e4	0.0	g122	rs1215	0.0	1215.0
6	435e3	0.0	g122	rs1216	0.0	1216.0
6	44e4	0.0	g122	rs1217	0.0	1217.0
6	445e3	0.0	g122	rs1218	0.0	1218.0
6	45e4	0.0	g122	rs1219	0.0	1219.0
6	455e3	0.0	g122	rs1220	0.0	1220.0
5	21e4	0.0	g123	rs1221	0.0	1221.0
5	215e3	0.0	g123	rs1222	0.0	1222.0
5	22e4	0.0	g123	rs1223	0.0	1223.0
5	225e3	0.0	g123	rs1224	0.0	1224.0
5	23e4	0.0	g123	rs1225	0.0	1225.0
5	235e3	0.0	g123	rs1226	0.0	1226.0
5	24e4	0.0	g123	rs1227	0.0	1227.0
5	245e3	0.0	g123	rs1228	0.0	1228.0
5	25e4	0.0	g123	rs1229	0.0	1229.0
5	255e3	0.0	g123	rs1230	0.0	1230.0
2	31e4	0.0	g124	rs1231	0.0	1231.0
2	315e3	0.0	g124	rs1232	0.0	1232.0
2	32e4	0.0	g124	rs1233	0.0	1233.0
2	325e3	0.0	g124	rs1234	0.0	1234.0
2	33e4	0.0	g124	rs1235	0.0	1235.0
2	335e3	0.0	g124	rs1236	0.0	1236.0
2	34e4	0.0	g124	rs1237	0.0	1237.0
2	345e3	0.0	g124	rs1238	0.0	1238.0
2	35e4	0.0	g124	rs1239	0.0	1239.0
2	355e3	0.0	g124	rs1240	0.0	1240.0
5	26e4	0.0	g125	rs1241	0.0	1241.0
5	265e3	0.0	g125	rs1242	0.0	1242.0
5	27e4	0.0	g125	rs1243	0.0	1243.0
5	275e3	0.0	g125	rs1244	0.0	1244.0
5	28e4	0.0	g125	rs1245	0.0	1245.0
5	285e3	0.0	g125	rs1246	0.0	1246.0
5	29e4	0.0	g125	rs1247	0.0	1247.0
5	295e3	0.0	g125	rs1248	0.0	1248.0
5	3e5	0.0	g125	rs1249	0.0	1249.0
5	305e3	0.0	g125	rs1250	0.0	1250.0
6	46e4	0.0	g126	rs1251	0.0	1251.0
6	465e3	0.0	g126	rs1252	0.0	1252.0
6	47e4	0.0	g126	rs1253	0.0	1253.0
6	475e3	0.0	g126	rs1254	0.0	1254.0
6	48e4	0.0	g126	rs1255	0.0	1255.0
6	485e3	0.0	g126	rs1256	0.0	1256.0
6	49e4	0.0	g126	rs1257	0.0	1257.0
6	495e3	0.0	g126	rs1258	0.0	1258.0
6	5e5	0.0	g126	rs1259	0.0	1259.0
6	505e3	0.0	g126	rs1260	0.0	1260.0
6	51e4	0.0	g127	rs1261	0.0	1261.0
6	515e3	0.0	g127	rs1262	0.0	1262.0
6	52e4	0.0	g127	rs1263	0.0	1263.0
6	525e3	0.0	g127	rs1264	0.0	1264.0
6	53e4	0.0	g127	rs1265	0.0	1265.0
6	535e3	0.0	g127	rs1266	0.0	1266.0
6	54e4	0.0	g127	rs1267	0.0	1267.0
6	545e3	0.0	g127	rs1268	0.0	1268.0
6	55e4	0.0	g127	rs1269	0.0	1269.0
6	555e3	0.0	g127	rs1270	0.0	1270.0
1	11e4	0.0	g128	rs1271	0.0	1271.0
1	115e3	0.0	g128	rs1272	0.0	1272.0
1	12e4	0.0	g128	rs1273	0.0	1273.0
1	125e3	0.0	g128	rs1274	0.0	1274.0
1	13e4	0.0	g128	rs1275	0.0	1275.0
1	135e3	0.0	g128	rs1276	0.0	1276.0
1	14e4	0.0	g128	rs1277	0.0	1277.0
1	145e3	0.0	g128	rs1278	0.0	1278.0
1	15e4	0.0	g128	rs1279	0.0	1279.0
1	155e3	0.0	g128	rs1280	0.0	1280.0
2	36e4	0.0	g129	rs1281	0.0	1281.0
2	365e3	0.0	g129	rs1282	0.0	1282.0
2	37e4	0.0	g129	rs1283	0.0	1283.0
2	375e3	0.0	g129	rs1284	0.0	1284.0
2	38e4	0.0	g129	rs1285	0.0	1285.0
2	385e3	0.0	g129	rs1286	0.0	1286.0
2	39e4	0.0	g129	rs1287	0.0	1287.0
2	395e3	0.0	g129	rs1288	0.0	1288.0
2	4e5	0.0	g129	rs1289	0.0	1289.0
2	405e3	0.0	g129	rs1290	0.0	1290.0
3	16e4	0.0	g130	rs1291	0.0	1291.0
3	165e3	0.0	g130	rs1292	0.0	1292.0
3	17e4	0.0	g130	rs1293	0.0	1293.0
3	175e3	0.0	g130	rs1294	0.0	1294.0
3	18e4	0.0	g130	rs1295	0.0	1295.0
3	185e3	0.0	g130	rs1296	0.0	1296.0
3	19e4	0.0	g130	rs1297	0.0	1297.0
3	195e3	0.0	g130	rs1298	0.0	1298.0
3	2e5	0.0	g130	rs1299	0.0	1299.0
3	205e3	0.0	g130	rs1300	0.0	1300.0
5	31e4	0.0	g131	rs1301	0.0	1301.0
5	315e3	0.0	g131	rs1302	0.0	1302.0
5	32e4	0.0	g131	rs1303	0.0	1303.0
5	325e3	0.0	g131	rs1304	0.0	1304.0
5	33e4	0.0	g131	rs1305	0.0	1305.0
5	335e3	0.0	g131	rs1306	0.0	1306.0
5	34e4	0.0	g131	rs1307	0.0	1307.0
5	345e3	0.0	g131	rs1308	0.0	1308.0
5	35e4	0.0	g131	rs1309	0.0	1309.0
5	355e3	0.0	g131	rs1310	0.0	1310.0
5	36e4	0.0	g132	rs1311	0.0	1311.0
5	365e3	0.0	g132	rs1312	0.0	1312.0
5	37e4	0.0	g132	rs1313	0.0	1313.0
5	375e3	0.0	g132	rs1314	0.0	1314.0
5	38e4	0.0	g132	rs1315	0.0	1315.0
5	385e3	0.0	g132	rs1316	0.0	1316.0
5	39e4	0.0	g132	rs1317	0.0	1317.0
5	395e3	0.0	g132	rs1318	0.0	1318.0
5	4e5	0.0	g132	rs1319	0.0	1319.0
5	405e3	0.0	g132	rs1320	0.0	1320.0
1	16e4	0.0	g133	rs1321	0.0	1321.0
1	165e3	0.0	g133	rs1322	0.0	1322.0
1	17e4	0.0	g133	rs1323	0.0	1323.0
1	175e3	0.0	g133	rs1324	0.0	1324.0
1	18e4	0.0	g133	rs1325	0.0	1325.0
1	185e3	0.0	g133	rs1326	0.0	1326.0
1	19e4	0.0	g133	rs1327	0.0	1327.0
1	195e3	0.0	g133	rs1328	0.0	1328.0
1	2e5	0.0	g133	rs1329	0.0	1329.0
1	205e3	0.0	g133	rs1330	0.0	1330.0
6	56e4	0.0	g134	rs1331	0.0	1331.0
6	565e3	0.0	g134	rs1332	0.0	1332.0
6	57e4	0.0	g134	rs1333	0.0	1333.0
6	575e3	0.0	g134	rs1334	0.0	1334.0
6	58e4	0.0	g134	rs1335	0.0	1335.0
6	585e3	0.0	g134	rs1336	0.0	1336.0
6	59e4	0.0	g134	rs1337	0.0	1337.0
6	595e3	0.0	g134	rs1338	0.0	1338.0
6	6e5	0.0	g134	rs1339	0.0	1339.0
6	605e3	0.0	g134	rs1340	0.0	1340.0
2	41e4	0.0	g135	rs1341	0.0	1341.0
2	415e3	0.0	g135	rs1342	0.0	1342.0
2	42e4	0.0	g135	rs1343	0.0	1343.0
2	425e3	0.0	g135	rs1344	0.0	1344.0
2	43e4	0.0	g135	rs1345	0.0	1345.0
2	435e3	0.0	g135	rs1346	0.0	1346.0
2	44e4	0.0	g135	rs1347	0.0	1347.0
2	445e3	0.0	g135	rs1348	0.0	1348.0
2	45e4	0.0	g135	rs1349	0.0	1349.0
2	455e3	0.0	g135	rs1350	0.0	1350.0
1	21e4	0.0	g136	rs1351	0.0	1351.0
1	215e3	0.0	g136	rs1352	0.0	1352.0
1	22e4	0.0	g136	rs1353	0.0	1353.0
1	225e3	0.0	g136	rs1354	0.0	1354.0
1	23e4	0.0	g136	rs1355	0.0	1355.0
1	235e3	0.0	g136	rs1356	0.0	1356.0
1	24e4	0.0	g136	rs1357	0.0	1357.0
1	245e3	0.0	g136	rs1358	0.0	1358.0
1	25e4	0.0	g136	rs1359	0.0	1359.0
1	255e3	0.0	g136	rs1360	0.0	1360.0
4	21e4	0.0	g137	rs1361	0.0	1361.0
4	215e3	0.0	g137	rs1362	0.0	1362.0
4	22e4	0.0	g137	rs1363	0.0	1363.0
4	225e3	0.0	g137	rs1364	0.0	1364.0
4	23e4	0.0	g137	rs1365	0.0	1365.0
4	235e3	0.0	g137	rs1366	0.0	1366.0
4	24e4	0.0	g137	rs1367	0.0	1367.0
4	245e3	0.0	g137	rs1368	0.0	1368.0
4	25e4	0.0	g137	rs1369	0.0	1369.0
4	255e3	0.0	g137	rs1370	0.0	1370.0
5	41e4	0.0	g138	rs1371	0.0	1371.0
5	415e3	0.0	g138	rs1372	0.0	1372.0
5	42e4	0.0	g138	rs1373	0.0	1373.0
5	425e3	0.0	g138	rs1374	0.0	1374.0
5	43e4	0.0	g138	rs1375	0.0	1375.0
5	435e3	0.0	g138	rs1376	0.0	1376.0
5	44e4	0.0	g138	rs1377	0.0	1377.0
5	445e3	0.0	g138	rs1378	0.0	1378.0
5	45e4	0.0	g138	rs1379	0.0	1379.0
5	455e3	0.0	g138	rs1380	0.0	1380.0
1	26e4	0.0	g139	rs1381	0.0	1381.0
1	265e3	0.0	g139	rs1382	0.0	1382.0
1	27e4	0.0	g139	rs1383	0.0	1383.0
1	275e3	0.0	g139	rs1384	0.0	1384.0
1	28e4	0.0	g139	rs1385	0.0	1385.0
1	285e3	0.0	g139	rs1386	0.0	1386.0
1	29e4	0.0	g139	rs1387	0.0	1387.0
1	295e3	0.0	g139	rs1388	0.0	1388.0
1	3e5	0.0	g139	rs1389	0.0	1389.0
1	305e3	0.0	g139	rs1390	0.0	1390.0
1	36e4	0.0	g140	rs1391	0.0	1391.0
1	365e3	0.0	g140	rs1392	0.0	1392.0
1	37e4	0.0	g140	rs1393	0.0	1393.0
1	375e3	0.0	g140	rs1394	0.0	1394.0
1	38e4	0.0	g140	rs1395	0.0	1395.0
1	385e3	0.0	g140	rs1396	0.0	1396.0
1	39e4	0.0	g140	rs1397	0.0	1397.0
1	395e3	0.0	g140	rs1398	0.0	1398.0
1	4e5	0.0	g140	rs1399	0.0	1399.0
1	405e3	0.0	g140	rs1400	0.0	1400.0
6	61e4	0.0	g141	rs1401	0.0	1401.0
6	615e3	0.0	g141	rs1402	0.0	1402.0
6	62e4	0.0	g141	rs1403	0.0	1403.0
6	625e3	0.0	g141	rs1404	0.0	1404.0
6	63e4	0.0	g141	rs1405	0.0	1405.0
6	635e3	0.0	g141	rs1406	0.0	1406.0
6	64e4	0.0	g141	rs1407	0.0	1407.0
6	645e3	0.0	g141	rs1408	0.0	1408.0
6	65e4	0.0	g141	rs1409	0.0	1409.0
6	655e3	0.0	g141	rs1410	0.0	1410.0
3	21e4	0.0	g142	rs1411	0.0	1411.0
3	215e3	0.0	g142	rs1412	0.0	1412.0
3	22e4	0.0	g142	rs1413	0.0	1413.0
3	225e3	0.0	g142	rs1414	0.0	1414.0
3	23e4	0.0	g142	rs1415	0.0	1415.0
3	235e3	0.0	g142	rs1416	0.0	1416.0
3	24e4	0.0	g142	rs1417	0.0	1417.0
3	245e3	0.0	g142	rs1418	0.0	1418.0
3	25e4	0.0	g142	rs1419	0.0	1419.0
3	255e3	0.0	g142	rs1420	0.0	1420.0
3	26e4	0.0	g143	rs1421	0.0	1421.0
3	265e3	0.0	g143	rs1422	0.0	1422.0
3	27e4	0.0	g143	rs1423	0.0	1423.0
3	275e3	0.0	g143	rs1424	0.0	1424.0
3	28e4	0.0	g143	rs1425	0.0	1425.0
3	285e3	0.0	g143	rs1426	0.0	1426.0
3	29e4	0.0	g143	rs1427	0.0	1427.0
3	295e3	0.0	g143	rs1428	0.0	1428.0
3	3e5	0.0	g143	rs1429	0.0	1429.0
3	305e3	0.0	g143	rs1430	0.0	1430.0
4	26e4	0.0	g144	rs1431	0.0	1431.0
4	265e3	0.0	g144	rs1432	0.0	1432.0
4	27e4	0.0	g144	rs1433	0.0	1433.0
4	275e3	0.0	g144	rs1434	0.0	1434.0
4	28e4	0.0	g144	rs1435	0.0	1435.0
4	285e3	0.0	g144	rs1436	0.0	1436.0
4	29e4	0.0	g144	rs1437	0.0	1437.0
4	295e3	0.0	g144	rs1438	0.0	1438.0
4	3e5	0.0	g144	rs1439	0.0	1439.0
4	305e3	0.0	g144	rs1440	0.0	1440.0
2	46e4	0.0	g145	rs1441	0.0	1441.0
2	465e3	0.0	g145	rs1442	0.0	1442.0
2	47e4	0.0	g145	rs1443	0.0	1443.0
2	475e3	0.0	g145	rs1444	0.0	1444.0
2	48e4	0.0	g145	rs1445	0.0	1445.0
2	485e3	0.0	g145	rs1446	0.0	1446.0
2	49e4	0.0	g145	rs1447	0.0	1447.0
2	495e3	0.0	g145	rs1448	0.0	1448.0
2	5e5	0.0	g145	rs1449	0.0	1449.0
2	505e3	0.0	g145	rs1450	0.0	1450.0
6	66e4	0.0	g146	rs1451	0.0	1451.0
6	665e3	0.0	g146	rs1452	0.0	1452.0
6	67e4	0.0	g146	rs1453	0.0	1453.0
6	675e3	0.0	g146	rs1454	0.0	1454.0
6	68e4	0.0	g146	rs1455	0.0	1455.0
6	685e3	0.0	g146	rs1456	0.0	1456.0
6	69e4	0.0	g146	rs1457	0.0	1457.0
6	695e3	0.0	g146	rs1458	0.0	1458.0
6	7e5	0.0	g146	rs1459	0.0	1459.0
6	705e3	0.0	g146	rs1460	0.0	1460.0
6	71e4	0.0	g147	rs1461	0.0	1461.0
6	715e3	0.0	g147	rs1462	0.0	1462.0
6	72e4	0.0	g147	rs1463	0.0	1463.0
6	725e3	0.0	g147	rs1464	0.0	1464.0
6	73e4	0.0	g147	rs1465	0.0	1465.0
6	735e3	0.0	g147	rs1466	0.0	1466.0
6	74e4	0.0	g147	rs1467	0.0	1467.0
6	745e3	0.0	g147	rs1468	0.0	1468.0
6	75e4	0.0	g147	rs1469	0.0	1469.0
6	755e3	0.0	g147	rs1470	0.0	1470.0
4	31e4	0.0	g148	rs1471	0.0	1471.0
4	315e3	0.0	g148	rs1472	0.0	1472.0
4	32e4	0.0	g148	rs1473	0.0	1473.0
4	325e3	0.0	g148	rs1474	0.0	1474.0
4	33e4	0.0	g148	rs1475	0.0	1475.0
4	335e3	0.0	g148	rs1476	0.0	1476.0
4	34e4	0.0	g148	rs1477	0.0	1477.0
4	345e3	0.0	g148	rs1478	0.0	1478.0
4	35e4	0.0	g148	rs1479	0.0	1479.0
4	355e3	0.0	g148	rs1480	0.0	1480.0
2	51e4	0.0	g149	rs1481	0.0	1481.0
2	515e3	0.0	g149	rs1482	0.0	1482.0
2	52e4	0.0	g149	rs1483	0.0	1483.0
2	525e3	0.0	g149	rs1484	0.0	1484.0
2	53e4	0.0	g149	rs1485	0.0	1485.0
2	535e3	0.0	g149	rs1486	0.0	1486.0
2	54e4	0.0	g149	rs1487	0.0	1487.0
2	545e3	0.0	g149	rs1488	0.0	1488.0
2	55e4	0.0	g149	rs1489	0.0	1489.0
2	555e3	0.0	g149	rs1490	0.0	1490.0
3	31e4	0.0	g150	rs1491	0.0	1491.0
3	315e3	0.0	g150	rs1492	0.0	1492.0
3	32e4	0.0	g150	rs1493	0.0	1493.0
3	325e3	0.0	g150	rs1494	0.0	1494.0
3	33e4	0.0	g150	rs1495	0.0	1495.0
3	335e3	0.0	g150	rs1496	0.0	1496.0
3	34e4	0.0	g150	rs1497	0.0	1497.0
3	345e3	0.0	g150	rs1498	0.0	1498.0
3	35e4	0.0	g150	rs1499	0.0	1499.0
3	355e3	0.0	g150	rs1500	0.0	1500.0
6	76e4	0.0	g151	rs1501	0.0	1501.0
6	765e3	0.0	g151	rs1502	0.0	1502.0
6	77e4	0.0	g151	rs1503	0.0	1503.0
6	775e3	0.0	g151	rs1504	0.0	1504.0
6	78e4	0.0	g151	rs1505	0.0	1505.0
6	785e3	0.0	g151	rs1506	0.0	1506.0
6	79e4	0.0	g151	rs1507	0.0	1507.0
6	795e3	0.0	g151	rs1508	0.0	1508.0
6	8e5	0.0	g151	rs1509	0.0	1509.0
6	805e3	0.0	g151	rs1510	0.0	1510.0
6	81e4	0.0	g152	rs1511	0.0	1511.0
6	815e3	0.0	g152	rs1512	0.0	1512.0
6	82e4	0.0	g152	rs1513	0.0	1513.0
6	825e3	0.0	g152	rs1514	0.0	1514.0
6	83e4	0.0	g152	rs1515	0.0	1515.0
6	835e3	0.0	g152	rs1516	0.0	1516.0
6	84e4	0.0	g152	rs1517	0.0	1517.0
6	845e3	0.0	g152	rs1518	0.0	1518.0
6	85e4	0.0	g152	rs1519	0.0	1519.0
6	855e3	0.0	g152	rs1520	0.0	1520.0
4	41e4	0.0	g153	rs1521	0.0	1521.0
4	415e3	0.0	g153	rs1522	0.0	1522.0
4	42e4	0.0	g153	rs1523	0.0	1523.0
4	425e3	0.0	g153	rs1524	0.0	1524.0
4	43e4	0.0	g153	rs1525	0.0	1525.0
4	435e3	0.0	g153	rs1526	0.0	1526.0
4	44e4	0.0	g153	rs1527	0.0	1527.0
4	445e3	0.0	g153	rs1528	0.0	1528.0
4	45e4	0.0	g153	rs1529	0.0	1529.0
4	455e3	0.0	g153	rs1530	0.0	1530.0
3	36e4	0.0	g154	rs1531	0.0	1531.0
3	365e3	0.0	g154	rs1532	0.0	1532.0
3	37e4	0.0	g154	rs1533	0.0	1533.0
3	375e3	0.0	g154	rs1534	0.0	1534.0
3	38e4	0.0	g154	rs1535	0.0	1535.0
3	385e3	0.0	g154	rs1536	0.0	1536.0
3	39e4	0.0	g154	rs1537	0.0	1537.0
3	395e3	0.0	g154	rs1538	0.0	1538.0
3	4e5	0.0	g154	rs1539	0.0	1539.0
3	405e3	0.0	g154	rs1540	0.0	1540.0
5	46e4	0.0	g155	rs1541	0.0	1541.0
5	465e3	0.0	g155	rs1542	0.0	1542.0
5	47e4	0.0	g155	rs1543	0.0	1543.0
5	475e3	0.0	g155	rs1544	0.0	1544.0
5	48e4	0.0	g155	rs1545	0.0	1545.0
5	485e3	0.0	g155	rs1546	0.0	1546.0
5	49e4	0.0	g155	rs1547	0.0	1547.0
5	495e3	0.0	g155	rs1548	0.0	1548.0
5	5e5	0.0	g155	rs1549	0.0	1549.0
5	505e3	0.0	g155	rs1550	0.0	1550.0
3	41e4	0.0	g156	rs1551	0.0	1551.0
3	415e3	0.0	g156	rs1552	0.0	1552.0
3	42e4	0.0	g156	rs1553	0.0	1553.0
3	425e3	0.0	g156	rs1554	0.0	1554.0
3	43e4	0.0	g156	rs1555	0.0	1555.0
3	435e3	0.0	g156	rs1556	0.0	1556.0
3	44e4	0.0	g156	rs1557	0.0	1557.0
3	445e3	0.0	g156	rs1558	0.0	1558.0
3	45e4	0.0	g156	rs1559	0.0	1559.0
3	455e3	0.0	g156	rs1560	0.0	1560.0
1	41e4	0.0	g157	rs1561	0.0	1561.0
1	415e3	0.0	g157	rs1562	0.0	1562.0
1	42e4	0.0	g157	rs1563	0.0	1563.0
1	425e3	0.0	g157	rs1564	0.0	1564.0
1	43e4	0.0	g157	rs1565	0.0	1565.0
1	435e3	0.0	g157	rs1566	0.0	1566.0
1	44e4	0.0	g157	rs1567	0.0	1567.0
1	445e3	0.0	g157	rs1568	0.0	1568.0
1	45e4	0.0	g157	rs1569	0.0	1569.0
1	455e3	0.0	g157	rs1570	0.0	1570.0
5	51e4	0.0	g158	rs1571	0.0	1571.0
5	515e3	0.0	g158	rs1572	0.0	1572.0
5	52e4	0.0	g158	rs1573	0.0	1573.0
5	525e3	0.0	g158	rs1574	0.0	1574.0
5	53e4	0.0	g158	rs1575	0.0	1575.0
5	535e3	0.0	g158	rs1576	0.0	1576.0
5	54e4	0.0	g158	rs1577	0.0	1577.0
5	545e3	0.0	g158	rs1578	0.0	1578.0
5	55e4	0.0	g158	rs1579	0.0	1579.0
5	555e3	0.0	g158	rs1580	0.0	1580.0
1	46e4	0.0	g159	rs1581	0.0	1581.0
1	465e3	0.0	g159	rs1582	0.0	1582.0
1	47e4	0.0	g159	rs1583	0.0	1583.0
1	475e3	0.0	g159	rs1584	0.0	1584.0
1	48e4	0.0	g159	rs1585	0.0	1585.0
1	485e3	0.0	g159	rs1586	0.0	1586.0
1	49e4	0.0	g159	rs1587	0.0	1587.0
1	495e3	0.0	g159	rs1588	0.0	1588.0
1	5e5	0.0	g159	rs1589	0.0	1589.0
1	505e3	0.0	g159	rs1590	0.0	1590.0
5	56e4	0.0	g160	rs1591	0.0	1591.0
5	565e3	0.0	g160	rs1592	0.0	1592.0
5	57e4	0.0	g160	rs1593	0.0	1593.0
5	575e3	0.0	g160	rs1594	0.0	1594.0
5	58e4	0.0	g160	rs1595	0.0	1595.0
5	585e3	0.0	g160	rs1596	0.0	1596.0
5	59e4	0.0	g160	rs1597	0.0	1597.0
5	595e3	0.0	g160	rs1598	0.0	1598.0
5	6e5	0.0	g160	rs1599	0.0	1599.0
5	605e3	0.0	g160	rs1600	0.0	1600.0
5	61e4	0.0	g161	rs1601	0.0	1601.0
5	615e3	0.0	g161	rs1602	0.0	1602.0
5	62e4	0.0	g161	rs1603	0.0	1603.0
5	625e3	0.0	g161	rs1604	0.0	1604.0
5	63e4	0.0	g161	rs1605	0.0	1605.0
5	635e3	0.0	g161	rs1606	0.0	1606.0
5	64e4	0.0	g161	rs1607	0.0	1607.0
5	645e3	0.0	g161	rs1608	0.0	1608.0
5	65e4	0.0	g161	rs1609	0.0	1609.0
5	655e3	0.0	g161	rs1610	0.0	1610.0
1	51e4	0.0	g162	rs1611	0.0	1611.0
1	515e3	0.0	g162	rs1612	0.0	1612.0
1	52e4	0.0	g162	rs1613	0.0	1613.0
1	525e3	0.0	g162	rs1614	0.0	1614.0
1	53e4	0.0	g162	rs1615	0.0	1615.0
1	535e3	0.0	g162	rs1616	0.0	1616.0
1	54e4	0.0	g162	rs1617	0.0	1617.0
1	545e3	0.0	g162	rs1618	0.0	1618.0
1	55e4	0.0	g162	rs1619	0.0	1619.0
1	555e3	0.0	g162	rs1620	0.0	1620.0
4	46e4	0.0	g163	rs1621	0.0	1621.0
4	465e3	0.0	g163	rs1622	0.0	1622.0
4	47e4	0.0	g163	rs1623	0.0	1623.0
4	475e3	0.0	g163	rs1624	0.0	1624.0
4	48e4	0.0	g163	rs1625	0.0	1625.0
4	485e3	0.0	g163	rs1626	0.0	1626.0
4	49e4	0.0	g163	rs1627	0.0	1627.0
4	495e3	0.0	g163	rs1628	0.0	1628.0
4	5e5	0.0	g163	rs1629	0.0	1629.0
4	505e3	0.0	g163	rs1630	0.0	1630.0
2	56e4	0.0	g164	rs1631	0.0	1631.0
2	565e3	0.0	g164	rs1632	0.0	1632.0
2	57e4	0.0	g164	rs1633	0.0	1633.0
2	575e3	0.0	g164	rs1634	0.0	1634.0
2	58e4	0.0	g164	rs1635	0.0	1635.0
2	585e3	0.0	g164	rs1636	0.0	1636.0
2	59e4	0.0	g164	rs1637	0.0	1637.0
2	595e3	0.0	g164	rs1638	0.0	1638.0
2	6e5	0.0	g164	rs1639	0.0	1639.0
2	605e3	0.0	g164	rs1640	0.0	1640.0
6	91e4	0.0	g165	rs1641	0.0	1641.0
6	915e3	0.0	g165	rs1642	0.0	1642.0
6	92e4	0.0	g165	rs1643	0.0	1643.0
6	925e3	0.0	g165	rs1644	0.0	1644.0
6	93e4	0.0	g165	rs1645	0.0	1645.0
6	935e3	0.0	g165	rs1646	0.0	1646.0
6	94e4	0.0	g165	rs1647	0.0	1647.0
6	945e3	0.0	g165	rs1648	0.0	1648.0
6	95e4	0.0	g165	rs1649	0.0	1649.0
6	955e3	0.0	g165	rs1650	0.0	1650.0
6	96e4	0.0	g166	rs1651	0.0	1651.0
6	965e3	0.0	g166	rs1652	0.0	1652.0
6	97e4	0.0	g166	rs1653	0.0	1653.0
6	975e3	0.0	g166	rs1654	0.0	1654.0
6	98e4	0.0	g166	rs1655	0.0	1655.0
6	985e3	0.0	g166	rs1656	0.0	1656.0
6	99e4	0.0	g166	rs1657	0.0	1657.0
6	995e3	0.0	g166	rs1658	0.0	1658.0
6	1e6	0.0	g166	rs1659	0.0	1659.0
6	1005e3	0.0	g166	rs1660	0.0	1660.0
4	51e4	0.0	g167	rs1661	0.0	1661.0
4	515e3	0.0	g167	rs1662	0.0	1662.0
4	52e4	0.0	g167	rs1663	0.0	1663.0
4	525e3	0.0	g167	rs1664	0.0	1664.0
4	53e4	0.0	g167	rs1665	0.0	1665.0
4	535e3	0.0	g167	rs1666	0.0	1666.0
4	54e4	0.0	g167	rs1667	0.0	1667.0
4	545e3	0.0	g167	rs1668	0.0	1668.0
4	55e4	0.0	g167	rs1669	0.0	1669.0
4	555e3	0.0	g167	rs1670	0.0	1670.0
5	66e4	0.0	g168	rs1671	0.0	1671.0
5	665e3	0.0	g168	rs1672	0.0	1672.0
5	67e4	0.0	g168	rs1673	0.0	1673.0
5	675e3	0.0	g168	rs1674	0.0	1674.0
5	68e4	0.0	g168	rs1675	0.0	1675.0
5	685e3	0.0	g168	rs1676	0.0	1676.0
5	69e4	0.0	g168	rs1677	0.0	1677.0
5	695e3	0.0	g168	rs1678	0.0	1678.0
5	7e5	0.0	g168	rs1679	0.0	1679.0
5	705e3	0.0	g168	rs1680	0.0	1680.0
2	61e4	0.0	g169	rs1681	0.0	1681.0
2	615e3	0.0	g169	rs1682	0.0	1682.0
2	62e4	0.0	g169	rs1683	0.0	1683.0
2	625e3	0.0	g169	rs1684	0.0	1684.0
2	63e4	0.0	g169	rs1685	0.0	1685.0
2	635e3	0.0	g169	rs1686	0.0	1686.0
2	64e4	0.0	g169	rs1687	0.0	1687.0
2	645e3	0.0	g169	rs1688	0.0	1688.0
2	65e4	0.0	g169	rs1689	0.0	1689.0
2	655e3	0.0	g169	rs1690	0.0	1690.0
6	101e4	0.0	g170	rs1691	0.0	1691.0
6	1015e3	0.0	g170	rs1692	0.0	1692.0
6	102e4	0.0	g170	rs1693	0.0	1693.0
6	1025e3	0.0	g170	rs1694	0.0	1694.0
6	103e4	0.0	g170	rs1695	0.0	1695.0
6	1035e3	0.0	g170	rs1696	0.0	1696.0
6	104e4	0.0	g170	rs1697	0.0	1697.0
6	1045e3	0.0	g170	rs1698	0.0	1698.0
6	105e4	0.0	g170	rs1699	0.0	1699.0
6	1055e3	0.0	g170	rs1700	0.0	1700.0
4	56e4	0.0	g171	rs1701	0.0	1701.0
4	565e3	0.0	g171	rs1702	0.0	1702.0
4	57e4	0.0	g171	rs1703	0.0	1703.0
4	575e3	0.0	g171	rs1704	0.0	1704.0
4	58e4	0.0	g171	rs1705	0.0	1705.0
4	585e3	0.0	g171	rs1706	0.0	1706.0
4	59e4	0.0	g171	rs1707	0.0	1707.0
4	595e3	0.0	g171	rs1708	0.0	1708.0
4	6e5	0.0	g171	rs1709	0.0	1709.0
4	605e3	0.0	g171	rs1710	0.0	1710.0
1	56e4	0.0	g172	rs1711	0.0	1711.0
1	565e3	0.0	g172	rs1712	0.0	1712.0
1	57e4	0.0	g172	rs1713	0.0	1713.0
1	575e3	0.0	g172	rs1714	0.0	1714.0
1	58e4	0.0	g172	rs1715	0.0	1715.0
1	585e3	0.0	g172	rs1716	0.0	1716.0
1	59e4	0.0	g172	rs1717	0.0	1717.0
1	595e3	0.0	g172	rs1718	0.0	1718.0
1	6e5	0.0	g172	rs1719	0.0	1719.0
1	605e3	0.0	g172	rs1720	0.0	1720.0
3	51e4	0.0	g173	rs1721	0.0	1721.0
3	515e3	0.0	g173	rs1722	0.0	1722.0
3	52e4	0.0	g173	rs1723	0.0	1723.0
3	525e3	0.0	g173	rs1724	0.0	1724.0
3	53e4	0.0	g173	rs1725	0.0	1725.0
3	535e3	0.0	g173	rs1726	0.0	1726.0
3	54e4	0.0	g173	rs1727	0.0	1727.0
3	545e3	0.0	g173	rs1728	0.0	1728.0
3	55e4	0.0	g173	rs1729	0.0	1729.0
3	555e3	0.0	g173	rs1730	0.0	1730.0
5	71e4	0.0	g174	rs1731	0.0	1731.0
5	715e3	0.0	g174	rs1732	0.0	1732.0
5	72e4	0.0	g174	rs1733	0.0	1733.0
5	725e3	0.0	g174	rs1734	0.0	1734.0
5	73e4	0.0	g174	rs1735	0.0	1735.0
5	735e3	0.0	g174	rs1736	0.0	1736.0
5	74e4	0.0	g174	rs1737	0.0	1737.0
5	745e3	0.0	g174	rs1738	0.0	1738.0
5	75e4	0.0	g174	rs1739	0.0	1739.0
5	755e3	0.0	g174	rs1740	0.0	1740.0
5	76e4	0.0	g175	rs1741	0.0	1741.0
5	765e3	0.0	g175	rs1742	0.0	1742.0
5	77e4	0.0	g175	rs1743	0.0	1743.0
5	775e3	0.0	g175	rs1744	0.0	1744.0
5	78e4	0.0	g175	rs1745	0.0	1745.0
5	785e3	0.0	g175	rs1746	0.0	1746.0
5	79e4	0.0	g175	rs1747	0.0	1747.0
5	795e3	0.0	g175	rs1748	0.0	1748.0
5	8e5	0.0	g175	rs1749	0.0	1749.0
5	805e3	0.0	g175	rs1750	0.0	1750.0
5	81e4	0.0	g176	rs1751	0.0	1751.0
5	815e3	0.0	g176	rs1752	0.0	1752.0
5	82e4	0.0	g176	rs1753	0.0	1753.0
5	825e3	0.0	g176	rs1754	0.0	1754.0
5	83e4	0.0	g176	rs1755	0.0	1755.0
5	835e3	0.0	g176	rs1756	0.0	1756.0
5	84e4	0.0	g176	rs1757	0.0	1757.0
5	845e3	0.0	g176	rs1758	0.0	1758.0
5	85e4	0.0	g176	rs1759	0.0	1759.0
5	855e3	0.0	g176	rs1760	0.0	1760.0
6	106e4	0.0	g177	rs1761	0.0	1761.0
6	1065e3	0.0	g177	rs1762	0.0	1762.0
6	107e4	0.0	g177	rs1763	0.0	1763.0
6	1075e3	0.0	g177	rs1764	0.0	1764.0
6	108e4	0.0	g177	rs1765	0.0	1765.0
6	1085e3	0.0	g177	rs1766	0.0	1766.0
6	109e4	0.0	g177	rs1767	0.0	1767.0
6	1095e3	0.0	g177	rs1768	0.0	1768.0
6	11e5	0.0	g177	rs1769	0.0	1769.0
6	1105e3	0.0	g177	rs1770	0.0	1770.0
5	86e4	0.0	g178	rs1771	0.0	1771.0
5	865e3	0.0	g178	rs1772	0.0	1772.0
5	87e4	0.0	g178	rs1773	0.0	1773.0
5	875e3	0.0	g178	rs1774	0.0	1774.0
5	88e4	0.0	g178	rs1775	0.0	1775.0
5	885e3	0.0	g178	rs1776	0.0	1776.0
5	89e4	0.0	g178	rs1777	0.0	1777.0
5	895e3	0.0	g178	rs1778	0.0	1778.0
5	9e5	0.0	g178	rs1779	0.0	1779.0
5	905e3	0.0	g178	rs1780	0.0	1780.0
3	56e4	0.0	g179	rs1781	0.0	1781.0
3	565e3	0.0	g179	rs1782	0.0	1782.0
3	57e4	0.0	g179	rs1783	0.0	1783.0
3	575e3	0.0	g179	rs1784	0.0	1784.0
3	58e4	0.0	g179	rs1785	0.0	1785.0
3	585e3	0.0	g179	rs1786	0.0	1786.0
3	59e4	0.0	g179	rs1787	0.0	1787.0
3	595e3	0.0	g179	rs1788	0.0	1788.0
3	6e5	0.0	g179	rs1789	0.0	1789.0
3	605e3	0.0	g179	rs1790	0.0	1790.0
3	61e4	0.0	g180	rs1791	0.0	1791.0
3	615e3	0.0	g180	rs1792	0.0	1792.0
3	62e4	0.0	g180	rs1793	0.0	1793.0
3	625e3	0.0	g180	rs1794	0.0	1794.0
3	63e4	0.0	g180	rs1795	0.0	1795.0
3	635e3	0.0	g180	rs1796	0.0	1796.0
3	64e4	0.0	g180	rs1797	0.0	1797.0
3	645e3	0.0	g180	rs1798	0.0	1798.0
3	65e4	0.0	g180	rs1799	0.0	1799.0
3	655e3	0.0	g180	rs1800	0.0	1800.0
